std_dev,color_variance,damage_score,contamination_score,red,green,blue,color_name,is_rough,is_printed,damage_detected,contamination_detected,fabric_type,quality,waste_category
21.973713224089863,26.84735596663437,0.21490351648907197,0.06413302045456913,17,93,234,White,0,1,1,0,Polyester,medium,Repairable
16.89388559063052,31.618215926394335,0.34794597816040873,0.002914152039010434,150,178,151,Yellow,0,1,1,0,Polyester,medium,Repairable
23.18150830480554,16.02429940180013,0.0189148453898292,0.0007853882918084993,76,137,170,White,1,0,0,0,Cotton,high,Reusable
30.184238851264205,12.653159185906997,0.13298774492038534,0.1166407249163637,48,139,100,White,1,0,0,0,Linen,high,Reusable
16.126773002213312,6.978193681306422,0.17968027008590615,0.14012716678147097,235,224,115,White,0,0,0,0,Silk,high,Reusable
16.126904344406555,10.095073640252538,0.11607514619339449,0.01041890682176123,241,225,32,Blue,0,0,0,0,Nylon,high,Reusable
30.63370252405913,55.3891331037047,0.3596765170677164,0.32257366796656767,169,209,77,Brown,1,1,1,1,Wool,low,Recyclable
24.13947783322327,34.93615496884144,0.5896164339280702,0.44576913647645056,102,166,23,Grey,1,1,1,1,Cotton,low,Hazardous
14.244204912520383,3.787107605503742,0.519602890747888,0.29978750497504597,235,207,149,White,0,0,1,1,Silk,low,Recyclable
22.340480348687716,4.130504519077158,0.46034926368351214,0.0011705095375531336,43,236,51,Blue,1,0,1,0,Denim,medium,Repairable
14.292658457500302,25.782392740621898,0.00014152592219864754,0.0004406714445943043,249,195,242,Blue,0,1,0,0,Polyester,high,Reusable
14.274161971437945,26.567177568535605,0.5480090645427131,0.1431444642329667,108,137,100,White,0,1,1,0,Polyester,medium,Repairable
19.935698172528273,26.586606023808372,0.0033532531086653836,0.0005172638266295203,128,91,115,Blue,0,1,0,0,Polyester,high,Reusable
2.693758042737617,16.940530477355626,0.027332576245923824,0.20707002606403016,6,104,250,Red,0,0,0,1,Cotton,medium,Upcyclable
4.200657339895738,18.494548879965198,0.08300662001111588,0.8945758639593547,47,209,122,White,0,0,0,1,Silk,medium,Upcyclable
13.501699766072218,23.93455428991229,0.469890063014161,0.00780931229905203,111,255,214,Beige,0,0,1,0,Cotton,medium,Repairable
9.89735103732461,21.030716075519965,0.04875468728080669,0.1480972031986071,212,72,5,Red,0,0,0,0,Cotton,high,Reusable
20.51397866076219,0.5,0.09457186143417302,0.36457998758501836,143,213,146,Brown,0,0,0,1,Cotton,medium,Upcyclable
10.735807395830314,17.242404433097676,0.017963471992982337,0.12262310887700577,47,9,75,Yellow,0,0,0,0,Silk,high,Reusable
6.701570389317668,9.783122788876238,0.21014662920635271,0.1460446508937146,205,103,89,Pink,0,0,1,0,Silk,medium,Repairable
29.72519015137243,22.102537026902144,0.011164903696563769,0.45409294363257924,170,150,156,Black,1,0,0,1,Wool,medium,Upcyclable
16.193789596107713,55.82310803124092,0.4511799756505126,0.14660748084810593,50,234,122,White,0,1,1,0,Polyester,medium,Repairable
18.54022563750339,24.409779985691653,0.3413576197330873,0.211103055206779,106,204,251,Grey,0,0,1,1,Nylon,low,Upcyclable
6.602014510292346,16.237643765931224,0.10676060018367185,0.002038839282991861,65,215,63,Red,0,0,0,0,Cotton,high,Reusable
13.644938203798539,31.06161802372703,0.006238723489483789,4.284507327640251e-05,30,140,141,Pink,0,1,0,0,Polyester,medium,Upcyclable
18.88738071767893,25.792254646510553,0.35517813666805637,0.9617656425476836,38,47,80,Beige,0,1,1,1,Polyester,low,Recyclable
8.792051380621578,25.041133885422095,0.2757224336209831,0.03233446640849341,8,108,157,Black,0,1,1,0,Polyester,medium,Repairable
21.005584146765376,27.282207118588055,0.39236826765378663,0.17527236312288327,40,88,70,Yellow,0,1,1,1,Polyester,low,Recyclable
13.19489048064956,44.6785227779545,0.6527565419591727,0.032922018393485686,62,43,148,Yellow,0,1,1,0,Polyester,medium,Repairable
15.666450001653786,6.429338776089011,0.3843108434334645,0.1555727074300084,13,238,64,Yellow,0,0,1,1,Silk,low,Recyclable
13.186347102164824,25.683584921737456,0.21581962632000587,0.11693704210619406,57,92,112,Yellow,0,1,1,0,Polyester,medium,Repairable
32.818225476071504,8.88342644022154,0.00970532284830588,0.038085213409173445,201,207,101,Green,1,0,0,0,Cotton,high,Reusable
17.892022202096527,26.666151756106977,0.243964293353903,0.08300966993356686,239,63,3,Black,0,1,1,0,Polyester,medium,Repairable
9.538312568352797,8.975761862166868,0.4094276122087161,0.21700541704516996,87,39,173,Green,0,0,1,1,Cotton,low,Recyclable
24.580359296825513,14.991598236738987,0.334392038728416,0.07421356474561817,241,133,135,Beige,1,0,1,0,Linen,medium,Repairable
8.233250800231822,16.458921029145124,0.05207836450884883,0.067362573201854,96,119,145,Red,0,0,0,0,Polyester,high,Reusable
19.670908760038042,31.709800632136506,0.4535706797812239,0.06006562058034545,247,71,243,Beige,0,1,1,0,Polyester,medium,Repairable
2.3226390089617954,31.021453327308965,0.43155906775369673,0.11913135474542441,97,97,59,Grey,0,1,1,0,Polyester,medium,Repairable
7.374511608812556,5.0513914826433854,0.0304289878238013,0.0015477932838080806,211,209,44,Green,0,0,0,0,Cotton,high,Reusable
19.574889886952988,20.659209331998184,0.07265927816748032,0.5847811129310128,191,170,71,Blue,0,0,0,1,Nylon,medium,Upcyclable
23.907732639963285,11.485041743009928,0.3760168049702211,0.39035911418927777,155,31,94,White,1,0,1,1,Linen,low,Reusable
19.370946249519765,4.8979410718959855,0.23073185418565437,0.11188690829737917,131,176,30,Black,0,0,1,0,Cotton,medium,Repairable
17.074813740894076,17.395795394907555,0.6208950835916961,0.5024359925196655,161,73,155,Blue,0,0,1,1,Nylon,low,Recyclable
15.59117043528569,16.298206538530163,0.0721284468643572,0.11093524319030268,131,225,119,Red,0,0,0,0,Cotton,high,Reusable
6.171824077060581,49.12059783614627,0.14471555560117552,0.0015412411168549407,246,214,239,Yellow,0,1,0,0,Polyester,high,Reusable
12.24124633284233,25.195517904328355,0.5179707978590865,0.0005511348421350154,69,122,63,White,0,1,1,0,Polyester,medium,Repairable
14.3148898323217,3.4685899909491518,0.09378049589154967,0.6344102921737433,185,146,164,White,0,0,0,1,Silk,medium,Upcyclable
26.456977809751326,13.222711949948692,0.012680402281858193,0.4867317857881094,85,83,66,Yellow,1,0,0,1,Cotton,medium,Upcyclable
20.74894631654769,32.25659954515278,0.038635189251099045,0.7550040330587288,3,51,108,Yellow,0,1,0,1,Polyester,medium,Upcyclable
3.8956787570981284,45.0613132744391,0.004324546810182554,0.18591235415400761,49,179,206,Blue,0,1,0,1,Polyester,medium,Upcyclable
20.59267175515836,0.9682002531445022,0.08922184926816727,0.6040776383976931,4,33,67,Brown,0,0,0,1,Cotton,medium,Upcyclable
14.919341756669468,0.5,0.6473426779791612,0.001150381274688244,74,186,34,White,0,0,1,0,Silk,medium,Repairable
12.584623997552331,42.45158210446139,0.10644708551115509,0.8388665670631681,44,229,250,Blue,0,1,0,1,Polyester,medium,Upcyclable
22.893410310726942,24.675370128450847,0.2822158669785212,0.038396698089242676,162,80,97,Beige,1,0,1,0,Linen,medium,Repairable
26.247996179967608,9.580487217483602,0.620716188687213,0.0007433293890750955,210,107,253,Beige,1,0,1,0,Linen,medium,Repairable
25.45024095292959,26.415549033469226,0.010231230143489829,0.09092869264581298,243,125,35,Green,1,1,0,0,Polyester,high,Reusable
11.28625981421889,0.5,0.14276942351008515,0.0761706096619311,202,4,184,Red,0,0,0,0,Cotton,high,Reusable
15.526300993190283,20.040506079165933,0.016590734018541508,0.007811161035194107,202,193,197,Green,0,0,0,0,Cotton,high,Reusable
20.65010745122851,23.933854074117022,0.31680482057996767,0.006312706445548765,116,40,131,Blue,0,0,1,0,Nylon,medium,Repairable
25.804361016978874,31.091241674453958,0.014706171525014002,0.45255359351260926,26,33,48,White,1,1,0,1,Polyester,medium,Upcyclable
14.16660609723768,7.833248572489548,0.6867816227297895,0.17088138716730766,129,181,221,Red,0,0,1,1,Cotton,low,Recyclable
16.514728186689464,21.028245936840307,0.2359202562500498,0.34671536755446625,181,19,166,Brown,0,0,1,1,Cotton,low,Recyclable
9.149320207951774,8.894904487284952,0.24812271304659364,0.12941147196592198,238,237,17,Red,0,0,1,0,Nylon,medium,Repairable
8.430347007354634,23.064605068091804,0.6963617006894167,0.6319877634014563,117,181,59,Black,0,0,1,1,Nylon,low,Hazardous
24.500206579153584,9.25584413164371,0.06303663514899731,0.22921492164957996,199,238,85,Green,1,0,0,1,Cotton,medium,Upcyclable
28.84992022856658,15.102789930077353,0.27927285565053894,0.04749843573543858,225,65,137,Green,1,0,1,0,Cotton,medium,Repairable
17.42391902735733,8.050215262517252,0.9103008159116278,0.7762054722844932,103,91,112,Beige,0,0,1,1,Cotton,low,Reusable
26.028263183136193,27.813634901883884,0.019155507123939406,0.006628893635440341,254,145,220,Yellow,1,1,0,0,Polyester,high,Reusable
20.893088200381072,30.301413399879984,0.20529269532957697,0.12883184310201432,247,43,22,Red,0,1,1,0,Polyester,medium,Repairable
12.839041963159005,17.184553160511033,0.11231250800423873,0.24159543660055238,211,102,67,White,0,0,0,1,Silk,medium,Upcyclable
20.891164844067312,20.45885593952034,0.1235752576648003,0.01487938079866854,214,47,58,Red,0,0,0,0,Cotton,high,Reusable
30.304292531727754,2.6169030243974696,0.038025074848162595,0.0071899455644954865,206,242,210,Grey,1,0,0,0,Wool,high,Reusable
17.71339168712039,16.403880223918556,0.005942460897664083,0.22143544347345223,175,34,89,Yellow,0,0,0,1,Silk,low,Recyclable
30.517149246512048,19.397544595499063,0.11876986772178966,0.019568719940294917,204,206,6,Brown,1,0,0,0,Wool,high,Reusable
2.0,51.4495170923597,0.007946246389466923,0.009947405650267005,246,110,12,Black,0,1,0,0,Polyester,high,Reusable
24.57522003500179,6.656395690710037,0.21294868988611532,0.853767058964811,222,38,130,Grey,1,0,1,1,Wool,low,Hazardous
18.69637654590537,37.57012686502925,0.036441917777726,0.1388447994736058,48,231,167,Brown,0,1,0,0,Polyester,high,Reusable
15.60794119627306,31.962305281589696,0.5300472945747923,0.2253880172249222,109,230,10,Blue,0,1,1,1,Polyester,low,Recyclable
18.73408621228402,23.367636853881635,0.025300999679790517,0.0018921106297277131,252,2,207,Beige,0,0,0,0,Cotton,high,Reusable
2.0994486831928576,41.1034458103416,0.042217939785045434,0.5263517809109689,77,18,211,Grey,0,1,0,1,Polyester,medium,Upcyclable
16.242624897299905,24.465265671282353,0.23164435603167796,0.0011797756593932291,0,214,50,Blue,0,0,1,0,Nylon,medium,Repairable
20.85690057209397,24.669910348015144,0.00409767934870777,0.2020214094441941,119,210,214,Beige,0,0,0,1,Cotton,medium,Upcyclable
29.82315235793213,19.362552163789456,0.09284569195291123,0.23801917808305345,218,124,150,Grey,1,0,0,1,Wool,medium,Upcyclable
13.853838253810821,34.682826589023534,0.4708926588740736,0.10135488179009647,160,145,31,Red,0,1,1,0,Nylon,medium,Repairable
11.532051176854498,33.157630805730605,0.0026104098507074877,0.017719243356155403,34,221,168,Beige,0,1,0,0,Polyester,high,Reusable
13.985943651323709,12.49187255004545,0.9470527851585945,0.20578827742591968,181,230,41,Beige,0,0,1,1,Cotton,low,Recyclable
25.323216941616593,4.1690336648147905,0.1117039327248779,0.007903230388004591,55,82,246,Grey,1,0,0,0,Wool,high,Reusable
20.630008877277476,17.564232351252116,0.020036782245286603,0.016624848080958123,142,4,165,Red,0,0,0,0,Cotton,high,Reusable
13.76191836986369,10.399537227228244,0.0038795351373619516,0.00949636864881398,196,54,194,Red,0,0,0,0,Cotton,medium,Upcyclable
22.10613946490685,19.23770510461574,0.10886630425227439,0.0014372703468328641,228,12,243,Blue,1,0,0,0,Denim,high,Reusable
18.776620394784324,34.84925761620967,0.18135701502661986,0.02008842089651841,3,161,199,Yellow,0,1,1,0,Polyester,medium,Repairable
25.749159924263115,14.51238013895852,0.10153379020793352,0.11610354619995054,109,215,101,Green,1,0,0,0,Cotton,high,Hazardous
12.383575248981181,19.4861194242611,0.7816404442670187,0.2455471327167277,83,17,120,Blue,0,0,1,1,Nylon,low,Recyclable
15.378702827217854,20.69627281770074,0.8056533377015963,0.09205452136476536,191,67,231,White,0,0,1,0,Silk,medium,Repairable
14.86313477494274,30.181170586463416,0.046489245306295696,0.646075364719632,230,99,77,Green,0,1,0,1,Polyester,medium,Upcyclable
6.291880414943051,0.5,0.6576427565188084,0.4402223966846991,21,199,71,Brown,0,0,1,1,Cotton,low,Recyclable
20.368962216516607,12.719596462816439,0.5414055777611269,0.5736796185286931,23,170,202,Black,0,0,1,1,Cotton,low,Hazardous
20.088442177439113,22.535404307353673,0.6433728969732707,0.9879598744631662,174,192,105,White,0,0,1,1,Silk,low,Recyclable
18.040907653139687,34.40094747712234,0.039771929030103244,0.6943765011796333,74,251,249,Green,0,1,0,1,Polyester,medium,Upcyclable
16.123302932998826,14.097170629925538,0.00978272018158516,0.4853817201979763,109,168,118,Brown,0,0,0,1,Cotton,medium,Upcyclable
6.677034063596686,0.5,0.8346711536385263,0.18761160231495083,133,37,169,Beige,0,0,1,1,Cotton,low,Recyclable
14.634837417877128,27.436537351593635,0.24781160691053417,0.5926185483107136,154,227,170,Pink,0,1,1,1,Polyester,low,Recyclable
15.258283867785844,12.375651334092447,0.6730419162283473,0.5020202715306723,137,165,32,Blue,0,0,1,1,Denim,low,Recyclable
11.581781846227049,5.7240000909156645,0.1062816087682453,0.554867188265158,166,140,78,Brown,0,0,0,1,Cotton,medium,Upcyclable
16.709714306671927,12.507855323441312,0.06440156393828189,0.5720613339507202,201,124,164,Beige,0,0,0,1,Cotton,medium,Repairable
21.232406854516306,17.785695708129804,0.07311327791789343,0.03299622536786292,109,21,77,White,0,0,0,0,Silk,high,Reusable
33.08948720968424,12.743064025541447,0.9520874335300008,0.05970339121174824,89,28,118,Beige,1,0,1,0,Linen,medium,Repairable
19.39662250265471,0.5,0.057908777039671726,0.8154098828088743,36,253,217,Green,0,0,0,1,Cotton,low,Recyclable
20.060403125782116,30.76479436264559,0.0040000415189881166,0.599813032262297,53,136,56,Grey,0,1,0,1,Polyester,medium,Upcyclable
17.404432673870662,35.29850049534467,0.0741328688301031,0.3143893344190408,224,218,191,White,0,1,0,1,Polyester,medium,Upcyclable
2.649830277607668,27.81826389607407,0.9562982259223289,0.03524651455189328,50,109,191,White,0,1,1,0,Polyester,medium,Repairable
17.787888996406267,6.3477719549022,0.020573184459613383,0.597815632361847,59,107,187,Beige,0,0,0,1,Cotton,medium,Upcyclable
18.481841679528213,17.582101592629783,0.29753003417955787,0.000125288975336713,71,67,51,White,0,0,1,0,Silk,medium,Repairable
37.70593689988229,19.921744217246502,0.012696903104982726,0.03392044603467562,127,103,71,Black,1,0,0,0,Wool,high,Reusable
16.46111228175102,27.185532674742923,0.49303892122453385,0.6248600732601911,50,144,240,White,0,1,1,1,Polyester,low,Recyclable
20.4123787386689,28.02008586461697,0.6492811929155939,0.3370174192917649,61,245,67,Blue,0,1,1,1,Polyester,low,Recyclable
17.722305842358054,11.189914414658052,0.17717907897159932,0.7001319597680526,48,164,99,Yellow,0,0,0,1,Silk,medium,Upcyclable
8.650575699043744,20.983946676962724,0.4492538926882473,0.5870964595670166,178,191,81,Green,0,0,1,1,Cotton,low,Recyclable
27.142582516120164,25.487364855382893,0.15200736916239077,0.026854523996134288,27,194,154,Grey,1,1,0,0,Wool,high,Reusable
24.015464261494195,37.4698678657612,0.4196272055693455,0.1225955719448384,239,131,58,White,1,1,1,0,Polyester,medium,Compostable
24.328255576344375,28.45407847789668,0.0460130581646047,0.5554404631699069,163,39,18,Grey,1,1,0,1,Wool,medium,Upcyclable
10.724900361642089,29.468680248506228,0.015377418071631085,0.003404696851155375,231,143,2,White,0,1,0,0,Silk,high,Reusable
29.222354487488793,21.00591953515233,0.38313187968786455,0.08506280324234701,152,138,200,Brown,1,0,1,0,Wool,medium,Repairable
6.785191497661753,36.925509742442046,0.0005448911862203067,0.8190928077149046,163,218,38,Pink,0,1,0,1,Polyester,medium,Upcyclable
22.694856750402163,24.91715355151397,0.059441242606049716,0.3146477571072159,76,25,65,Black,1,0,0,1,Wool,medium,Upcyclable
35.523645006479825,9.666945077917156,0.0025469828864181357,0.019683193875708542,187,250,72,White,1,0,0,0,Linen,high,Reusable
10.075709398954494,36.840439641502286,0.4876586258442296,0.15060028379888754,6,253,183,Grey,0,1,1,1,Polyester,low,Hazardous
13.469618163177824,28.374839270468332,0.15331666859067883,0.007914644069067866,64,94,133,Yellow,0,1,0,0,Polyester,high,Reusable
18.79721092070113,14.683471746458213,0.2875974201992342,0.05468431515043258,200,97,229,Pink,0,0,1,0,Silk,medium,Repairable
13.972194767070405,14.24608439120908,0.0005735675162539332,0.26502561266712316,122,199,27,Pink,0,0,0,1,Silk,medium,Upcyclable
5.5946925514709385,23.55890654168914,0.1743720350951625,0.20983550234921955,219,102,175,Grey,0,0,0,1,Nylon,medium,Upcyclable
18.54850379844822,25.558217543211015,0.6304247416081589,0.32347134428944924,35,192,97,Blue,0,1,1,1,Linen,low,Recyclable
9.501570290191161,22.36750718757448,0.8373629732135557,0.26680594248947415,237,124,92,Pink,0,0,1,1,Silk,low,Recyclable
21.788739445081454,23.73570408131462,0.1410638348285042,0.5288317742520363,221,1,175,Black,0,0,0,1,Cotton,medium,Upcyclable
10.644606126129574,40.39948849491657,0.0368866376677322,0.2553785943741192,72,246,194,Yellow,0,1,0,1,Silk,medium,Upcyclable
30.399475240140315,32.85851782681863,0.24221749938687615,0.3281366625482046,29,90,181,Brown,1,1,1,1,Wool,low,Recyclable
11.733973661310102,22.28762709518029,0.36949487451405993,0.24257084122250755,226,44,125,Yellow,0,0,1,1,Silk,low,Recyclable
15.423507870354594,31.2957269692098,0.834713159218603,0.18938573303954126,46,170,15,Green,0,1,1,1,Polyester,low,Recyclable
24.50813773895736,7.609713157669525,0.1642871207336874,0.008527242358192853,90,2,235,Yellow,1,0,0,0,Cotton,high,Reusable
8.153085468528358,24.775124599361707,0.252395595736931,0.14673517959927718,28,161,34,Red,0,0,1,0,Cotton,medium,Repairable
19.819679476833034,41.71167619679732,0.062202194044867105,0.14035503268057437,254,79,74,Blue,0,1,0,0,Polyester,high,Reusable
28.457142034259427,17.383449255291513,0.06682727084210129,0.5684127765687039,4,192,106,Beige,1,0,0,1,Linen,medium,Upcyclable
5.14013412351018,9.828392856570982,0.025952309789349884,0.6322970480503071,64,63,86,Black,0,0,0,1,Cotton,medium,Upcyclable
19.477070868258433,12.17493333688327,0.05578794542192956,0.19261709547732522,234,134,157,Grey,0,0,0,1,Nylon,medium,Upcyclable
20.07906235398739,6.92440355189134,0.01791781383818902,0.3372905735065932,114,34,175,Yellow,0,0,0,1,Silk,medium,Upcyclable
24.254582974218483,10.582857102467559,0.654439129929242,0.10097231565812645,196,21,68,Green,1,0,1,0,Cotton,medium,Repairable
8.104394312975344,15.553902816919653,0.5151324735173958,0.09351050078619956,62,175,115,Blue,0,0,1,0,Nylon,medium,Repairable
7.4363470953257895,3.1331957698562967,0.08924027775040501,0.03520494215050607,245,159,7,Brown,0,0,0,0,Cotton,high,Reusable
22.175532524935182,20.187420007395236,0.196003027691901,0.015774421511035263,92,25,106,Grey,1,0,1,0,Wool,medium,Repairable
20.37587738586549,30.827326085439765,0.786286723625857,0.06038405941999788,183,119,106,Blue,0,1,1,0,Polyester,low,Recyclable
20.003942802767014,9.106925838236956,0.31372558560500263,0.3604371633843042,16,5,113,Green,0,0,1,1,Cotton,medium,Upcyclable
20.771585675975807,38.23140708370123,0.00020669034582983608,0.05651492009058339,126,173,178,Black,0,1,0,0,Nylon,low,Recyclable
12.559802227372074,26.129505062331138,0.5617298073379222,0.13864755673916507,50,182,9,Green,0,1,1,0,Polyester,medium,Repairable
19.85802957728803,32.366967027488684,0.006417335394606038,0.04221692225691395,112,202,27,Beige,0,1,0,0,Polyester,low,Recyclable
20.34457978638945,12.105985353774354,0.5856092404123109,0.43041177120133134,36,222,163,Brown,0,0,1,1,Cotton,low,Recyclable
12.285188655789057,30.254302724799388,0.2832723532050564,0.01235985529542353,87,117,59,Black,0,1,1,0,Polyester,medium,Repairable
32.926196089158054,6.896793195256244,0.0014100221860045997,0.7164717901951977,115,182,9,Grey,1,0,0,1,Wool,medium,Upcyclable
21.7906633672943,30.682970010038105,0.18811506481832393,0.015472673346988697,124,84,141,Green,0,1,1,0,Polyester,medium,Repairable
8.469572022378811,22.062072077522373,0.07768739497601602,0.6331119947467,218,184,101,Green,0,0,0,1,Cotton,medium,Upcyclable
23.252428869070638,26.639014639817404,0.3193332396934115,0.08980182080968595,136,242,62,Black,1,1,1,0,Wool,medium,Repairable
10.202546638181428,5.892864732501781,0.41290939453908165,0.35760239439432934,245,213,228,Pink,0,0,1,1,Silk,low,Recyclable
24.296676829939617,9.259161892680744,0.6933021432437448,0.6020201602901394,37,120,174,White,1,0,1,1,Linen,low,Recyclable
27.26876463205923,27.16673861904062,0.07091602639203726,0.026631127378778957,250,62,196,Pink,1,1,0,0,Polyester,high,Reusable
11.434541453186316,8.619823949309591,0.04346608260328581,0.001493011551661998,52,128,246,Pink,0,0,0,0,Silk,high,Reusable
25.707009033954574,25.558475505189477,0.06719262021805311,0.15685218091111816,140,148,55,White,1,1,0,1,Polyester,medium,Upcyclable
21.302247415491987,3.594346322477051,0.435630494358599,0.07575501337033028,89,236,133,Beige,0,0,1,0,Nylon,medium,Repairable
24.57648127995592,30.178090552000018,0.11631988928565569,0.012689637151818135,52,19,254,Beige,1,1,0,0,Polyester,high,Reusable
33.17434386123158,5.209720222777891,0.0034734761161217113,0.23634291513357925,202,200,221,Blue,1,0,0,1,Denim,medium,Upcyclable
16.036895071977035,26.62759925215428,0.144656618649718,0.28854182133590967,118,218,146,Blue,0,1,0,1,Polyester,medium,Upcyclable
11.970110685140083,27.50757120375201,0.20015588881089927,0.1517388028876359,215,28,179,Green,0,1,1,1,Polyester,low,Recyclable
10.883884562995814,11.6387381788451,0.13186946117207754,0.2587127324428274,118,42,189,Black,0,0,0,1,Cotton,medium,Upcyclable
11.473517720276494,26.984318805016724,0.0062700507554754965,0.722933313723158,224,224,127,Red,0,1,0,1,Polyester,medium,Upcyclable
17.383186324687166,23.12530716000267,0.37633297135939947,0.19334206598805395,48,172,176,Red,0,0,1,1,Cotton,low,Recyclable
20.72921579853315,13.53389772568714,0.030611300714983934,0.13447542326060977,121,243,77,Blue,0,0,0,0,Nylon,high,Upcyclable
20.21352639464015,7.897343791085504,0.2605547588026232,0.4978034423458278,69,64,138,Pink,0,0,1,1,Silk,low,Recyclable
24.61746599228819,0.5,0.2440357807763924,0.2398206529483966,162,130,45,Black,1,0,1,1,Wool,low,Hazardous
18.104015135023257,24.195800567596322,0.15592359375450132,0.2096931253835073,15,95,68,Grey,0,0,0,1,Nylon,medium,Upcyclable
29.628272617258535,1.2223667436553391,0.0010779252385738106,0.3588310411470359,12,19,44,Beige,1,0,0,1,Linen,medium,Upcyclable
15.882745334096352,21.144130393295697,0.02548256714033189,0.8755952219318979,235,80,94,Red,0,0,0,1,Cotton,medium,Upcyclable
39.76135333271695,16.83862140701301,0.39002478064817386,0.2379093890645063,120,36,107,Green,1,0,1,1,Cotton,low,Recyclable
23.00533878212005,28.149713305258345,0.05835169874753145,0.4004767294066453,138,37,57,Brown,1,1,0,1,Wool,medium,Upcyclable
11.14273954866974,16.37545400612163,0.7976594722648305,0.3116502025847994,86,240,159,Yellow,0,0,1,1,Silk,low,Upcyclable
9.432860015511102,16.046626563834902,0.05304636822329975,0.28915794062914624,129,201,215,Grey,0,0,0,1,Nylon,medium,Upcyclable
21.85977932194548,28.782448451459548,0.16275483186258136,0.24795447391045955,251,234,114,Grey,0,1,0,1,Polyester,medium,Upcyclable
16.21229771739319,24.020696349009413,0.38036740180084644,0.15682638954008363,93,44,9,Black,0,0,1,1,Cotton,low,Hazardous
23.712003952736737,23.79387148619334,0.7888869892681943,0.1727483434600101,18,220,140,Black,1,0,1,1,Wool,low,Hazardous
21.78590099658836,25.631211077702314,0.02009641782974127,0.0320815843884192,103,169,110,Beige,0,1,0,0,Cotton,high,Reusable
17.41736869874502,1.5731345215147314,0.03958901511485893,0.04446150427176203,44,45,243,White,0,0,0,0,Silk,high,Reusable
11.22565025545276,29.081464159843783,0.0051964088981979175,0.77557272054565,173,59,12,Red,0,1,0,1,Polyester,medium,Upcyclable
5.881222202513083,27.34962552816323,0.5064861633720249,0.36923020864971273,46,95,35,White,0,1,1,1,Polyester,low,Recyclable
14.427880383463831,7.799802457082034,0.01611332047035929,0.5500404303329759,176,12,85,Red,0,0,0,1,Cotton,medium,Upcyclable
24.85119035458778,17.071034315909586,0.13189332551545793,0.673895109095661,78,30,127,Yellow,1,0,0,1,Cotton,medium,Upcyclable
19.71274995304163,19.528312548468424,0.43402945395348114,0.42976851364264373,244,123,200,Green,0,0,1,1,Cotton,low,Recyclable
8.034089770304096,18.386038587179208,0.2764374742887609,0.23554825998627676,41,67,121,Pink,0,0,1,1,Silk,low,Recyclable
19.385447406809455,24.006319598822415,0.23211635785806847,0.0033828649072312387,160,115,146,Brown,0,0,1,0,Cotton,medium,Repairable
21.082539037830696,37.1764013819742,0.7141577793303624,0.030043699490775892,107,61,243,Beige,0,1,1,0,Polyester,medium,Repairable
10.929140510390937,32.981200732073944,0.11945202726571749,0.38480751039217437,168,176,117,White,0,1,0,1,Polyester,low,Compostable
19.229800847564224,4.253369678823125,0.008577938947967264,0.025793218175127478,118,145,245,Yellow,0,0,0,0,Silk,high,Reusable
18.465669747568,27.464839883672585,0.5591344870826012,0.3312744245248116,196,74,134,White,0,1,1,1,Polyester,low,Recyclable
8.856237617355015,35.947199834424914,0.3066271960431532,0.3584602756357349,85,105,14,Yellow,0,1,1,1,Polyester,low,Recyclable
20.862298882786266,24.64170224827043,0.22161641843805988,0.04144905527739659,218,52,80,Brown,0,0,1,0,Cotton,medium,Repairable
22.486276210945874,33.091765102231605,0.3013835817156863,0.4402822366937066,110,145,45,Red,1,1,1,1,Polyester,low,Recyclable
26.664409945402216,44.147245348409186,0.01633293809869905,0.003056472121859965,226,50,205,Grey,1,1,0,0,Wool,high,Reusable
26.430416416279222,32.28451455328378,0.2954600018593608,0.0865315077773968,18,168,232,Yellow,1,1,1,0,Polyester,medium,Repairable
6.978645056343272,22.991703147700747,0.3546953036171545,0.7558970850244275,255,100,47,Pink,0,0,1,1,Silk,low,Recyclable
10.497399680679017,32.54106168901704,0.3739027768410953,0.2268927285294592,38,224,65,Yellow,0,1,1,1,Polyester,low,Recyclable
22.120282137669278,21.738653997162693,0.00869805366178676,0.09774422462998521,134,100,205,Brown,1,0,0,0,Polyester,high,Reusable
22.11028760729767,20.286836519419467,0.6924523445456721,0.37068698304000797,38,194,3,White,1,0,1,1,Linen,low,Recyclable
22.120381490448384,15.78302917143521,0.42019273235209476,0.021158012084502173,97,192,2,Pink,1,0,1,0,Cotton,medium,Repairable
48.821851925237766,38.7609603059853,0.20530279041172741,0.008488738220548879,33,82,2,Beige,1,1,1,0,Nylon,medium,Repairable
22.567124085545338,10.178856008695984,0.012912577207678341,0.20655358961396908,218,122,202,Green,1,0,0,1,Cotton,medium,Upcyclable
27.08452512144479,38.388412696137394,0.036261183433941864,0.15027770424950007,171,133,68,Green,1,1,0,1,Polyester,medium,Upcyclable
25.63201410794562,25.998369484884456,0.02030253300599778,0.04825593888595415,196,201,239,Green,1,1,0,0,Polyester,high,Reusable
23.211130010446382,3.2083259023767,0.24650500869801095,0.03176060660398145,67,164,246,Green,1,0,1,0,Cotton,high,Reusable
15.477846042877236,24.411791515897058,0.0014274172091076414,0.2573468676688201,190,11,92,White,0,0,0,1,Silk,medium,Upcyclable
24.07175376394614,0.5,0.029219733855402698,0.5542077588010114,198,235,27,Beige,1,0,0,1,Linen,medium,Upcyclable
11.817398283699426,27.50609620197243,0.6454837446564187,0.23573027311681408,47,80,22,Grey,0,1,1,1,Polyester,low,Reusable
16.10545114607993,30.62277779586789,0.9945021001168693,0.3513188271023003,2,218,29,Green,0,1,1,1,Polyester,low,Recyclable
14.117091617367173,12.891728532175357,0.11984275267924534,0.5271899532673565,212,1,61,Pink,0,0,0,1,Silk,medium,Upcyclable
18.65499311509058,21.482572351466988,0.7052449833488819,0.33807259130842626,161,52,86,Green,0,0,1,1,Cotton,low,Recyclable
36.51726853338807,43.44988920500344,0.9127079268472127,0.06185037042006978,112,152,50,Blue,1,1,1,0,Denim,medium,Repairable
3.0618784592660155,13.93103954885676,0.29563312080588505,0.14473964949238466,136,250,40,Black,0,0,1,0,Cotton,medium,Repairable
23.490081522996107,7.293108955320793,0.26431456318978896,0.008714328941933584,60,237,213,Black,1,0,1,0,Wool,medium,Repairable
5.098273030482787,37.779960829551186,0.012920151880261934,0.18126237560644495,147,235,63,Yellow,0,1,0,1,Polyester,medium,Upcyclable
14.224545073684531,43.55104628636954,0.133706099321115,0.08378984996436918,167,155,42,White,0,1,0,0,Polyester,high,Reusable
26.711604775738927,20.04434806217417,0.10812877426672478,0.13378269401203605,124,172,203,White,1,0,0,0,Linen,high,Hazardous
18.5142401527637,32.137556424900275,0.5104638773948839,0.06053830685211378,11,36,90,Blue,0,1,1,0,Polyester,medium,Repairable
9.378041776565551,36.09771098637057,0.6113925387369091,0.045381584104229655,102,228,57,Beige,0,1,1,0,Polyester,medium,Repairable
12.277570325920255,11.090189209539393,0.05003129280454504,0.001441296657733887,237,144,58,Pink,0,0,0,0,Silk,high,Reusable
23.436781991477407,14.176329975585581,0.013158069969304766,0.0016284204268009347,27,68,167,Yellow,1,0,0,0,Cotton,high,Reusable
12.157066946262907,34.77049415785682,0.14450953237387262,0.8332710811790418,175,55,173,Pink,0,1,0,1,Linen,medium,Upcyclable
19.7316687166558,40.22017134450211,0.9565817824407212,0.22843220247825533,224,120,254,Red,0,1,1,1,Polyester,low,Recyclable
18.36457471923051,26.754570322092256,0.060218934209322006,0.1701836749535334,201,57,61,Yellow,0,1,0,1,Polyester,low,Recyclable
12.787197219153462,9.442227757975349,0.4284083605615766,0.2874264618183776,74,210,176,Yellow,0,0,1,1,Silk,low,Recyclable
35.1515527146026,43.84473334039329,0.20177419210759737,0.2576456079825042,134,3,115,White,1,1,1,1,Polyester,low,Recyclable
23.07135217854409,13.628349226256425,0.446892345197097,0.5858917908263002,81,102,206,Blue,1,0,1,1,Denim,low,Recyclable
2.0,15.978346625942578,0.05954022373155562,0.6925828875461633,82,182,110,Black,0,0,0,1,Cotton,medium,Upcyclable
19.491634518155422,24.108054013875456,0.027992405033731085,0.12652420294740074,141,48,22,Pink,0,0,0,0,Silk,high,Reusable
12.705708281852896,38.64992504857729,0.005687696308838829,0.025887583052231343,208,234,171,Black,0,1,0,0,Polyester,high,Reusable
24.819466678369793,30.247711718626682,0.14202384035582846,0.5662540004325154,214,37,232,Pink,1,1,0,1,Polyester,medium,Upcyclable
11.659834092538395,24.978386004342926,0.12343842491674552,0.2731650982192489,146,44,171,Yellow,0,0,0,1,Silk,medium,Upcyclable
17.082108468264806,25.559462361417275,0.4755820774157097,0.3634849068098624,53,107,18,White,0,1,1,1,Polyester,low,Recyclable
22.039898231843658,20.52217602372159,0.19690377824790126,0.05389524615092049,254,157,171,Blue,1,0,1,0,Denim,medium,Repairable
24.92604155336097,26.697674174222076,0.06480721128251285,0.5068776795815549,187,223,10,Green,1,1,0,1,Polyester,medium,Upcyclable
8.39762874355379,0.5,0.24711923516955214,0.006174756316268421,236,248,59,Yellow,0,0,1,0,Silk,medium,Repairable
15.323990113272412,16.44071049116242,0.08143893546625018,0.42653447242338693,246,36,165,Yellow,0,0,0,1,Silk,medium,Upcyclable
14.200437510712351,22.89586321900137,0.7584554521966613,0.0015271616200112814,254,183,231,Yellow,0,0,1,0,Silk,medium,Reusable
12.773366139410305,6.187830996565914,0.23637932936515255,0.02313308802477571,66,154,234,Green,0,0,1,0,Cotton,medium,Repairable
32.12363392224877,24.63587981373872,0.053721898547797776,0.45269618891449537,161,31,2,Pink,1,0,0,1,Cotton,medium,Upcyclable
21.239853687687646,17.54634534816654,0.0867086119034365,0.052520161421178324,88,233,143,White,0,0,0,0,Silk,high,Reusable
7.9129283653196385,41.06570837978588,0.3925658628084653,0.8640244723940231,168,138,223,Grey,0,1,1,1,Cotton,low,Hazardous
25.34289557643821,38.876236702578275,0.7653759171309987,0.5292876797545912,158,232,229,Red,1,1,1,1,Polyester,medium,Upcyclable
34.977249576101066,14.410333170582046,0.7353837518478546,0.027976022855056484,166,249,8,Yellow,1,0,1,0,Cotton,medium,Repairable
26.259722084409177,18.189947461199658,0.4270519566622734,0.5331777800754596,77,57,40,Grey,1,0,1,1,Wool,low,Hazardous
5.845040272367893,19.11262921269929,0.03334740567339808,0.23331480297291904,228,76,37,Yellow,0,0,0,1,Silk,medium,Upcyclable
14.12612741706999,14.580086286084526,0.032449507156386004,0.17332449601522362,179,162,68,Green,0,0,0,1,Cotton,medium,Upcyclable
28.13528919349298,22.34029980833752,0.18709646010640066,1.678841627188362e-05,174,16,192,Black,1,0,1,0,Wool,medium,Repairable
12.338644275049754,10.900615173348918,0.2746126952724994,0.006611480855563496,19,157,34,Red,0,0,1,0,Cotton,medium,Repairable
21.550555425169826,6.432615980749684,0.7743320777996311,0.6523839337939328,95,253,126,Blue,0,0,1,1,Nylon,low,Recyclable
24.197072427434694,27.472534686803222,0.11032070444813905,0.0040425570899861605,224,145,162,Black,1,1,0,0,Linen,high,Reusable
10.584556227375337,27.55435501066173,0.0018215691565804304,0.16709845717742153,179,228,203,Grey,0,1,0,1,Polyester,medium,Upcyclable
17.5237971515056,10.348210884080093,0.509337885613202,0.24011793781187293,94,239,227,Beige,0,0,1,1,Cotton,low,Recyclable
2.0,30.744265169151195,0.09994196101433934,0.009682900031497946,70,29,212,Brown,0,1,0,0,Polyester,high,Reusable
9.804898869325681,12.421067250016023,0.010491175433719377,0.015421832955446468,189,89,47,Green,0,0,0,0,Cotton,medium,Upcyclable
15.979454788854717,23.037982856455773,0.2716392397584246,0.673381670322133,132,118,106,Yellow,0,0,1,1,Silk,low,Recyclable
8.017734544281204,29.844128151349473,0.10762829634608859,0.18055656650963506,184,15,7,Green,0,1,0,1,Polyester,medium,Upcyclable
31.059290431453082,19.596649223555445,0.019287066333987458,0.23286708697202824,131,74,252,Black,1,0,0,1,Wool,medium,Upcyclable
6.558868976314939,25.456890945693612,0.008069865500163222,0.39821625456888166,138,181,26,Blue,0,1,0,1,Polyester,medium,Upcyclable
14.47964410642413,13.80284427334914,0.25840546768293177,0.0007072155572978204,18,3,8,Black,0,0,1,0,Cotton,medium,Repairable
19.04592461828873,17.642400998862833,0.48574780448453114,0.04643556509882498,101,126,219,Pink,0,0,1,0,Silk,medium,Repairable
29.530186312528926,17.529686829435917,0.034524966647870504,0.13070181549413604,211,104,157,Black,1,0,0,0,Wool,high,Reusable
6.513102790564485,11.041059841517132,0.49090576680776943,0.08444435763231316,26,142,13,Beige,0,0,1,0,Cotton,medium,Repairable
27.305310017239677,17.878710042610614,0.09674948354502853,0.6783336299705317,28,203,150,Red,1,0,0,1,Cotton,medium,Upcyclable
18.081864488156697,1.4165804136350388,0.049878033830238394,0.04121007531121301,17,154,28,Green,0,0,0,0,Cotton,high,Reusable
10.147930791616393,14.106155034294744,0.020447214140236727,0.6827954028647298,164,239,25,Green,0,0,0,1,Cotton,medium,Upcyclable
21.696827794106166,16.58149407956395,0.28730472438247695,0.4593239372027996,253,3,213,Grey,0,0,1,1,Nylon,low,Hazardous
19.59247756458776,16.925842970055438,0.017482822905339864,0.6275438852592705,188,162,142,Brown,0,0,0,1,Cotton,medium,Upcyclable
13.198264982729643,17.102030649550656,0.21006440702341833,0.05830888548430249,243,250,114,Brown,0,0,1,0,Cotton,medium,Repairable
18.55841667992015,19.258829601678453,0.0021458413401393246,0.7642982691288164,174,84,72,Beige,0,0,0,1,Cotton,medium,Upcyclable
14.917491225105918,25.753298217032768,0.042760886275065614,0.053369532670841074,244,62,217,White,0,1,0,0,Polyester,high,Reusable
18.908138762009983,30.49420488959027,0.09726537630922831,0.009981845069277758,251,99,80,Yellow,0,1,0,0,Polyester,high,Reusable
23.29704539616837,12.202817277820795,0.042593828071555866,0.8991402111873666,88,65,200,Pink,1,0,0,1,Cotton,medium,Upcyclable
30.688134529162816,5.561589735330266,0.17904121102825657,0.4820144171617906,19,242,66,Brown,1,0,0,1,Wool,medium,Upcyclable
8.097476009385208,7.4954670530827645,0.001257490007559332,0.021312036663929675,69,38,248,Blue,0,0,0,0,Nylon,high,Reusable
35.06426699725013,14.153564945660875,0.020221841784356983,0.0009032705816371473,99,155,143,Green,1,0,0,0,Cotton,high,Reusable
2.383297603819985,15.776944186201892,0.46801751647026346,0.5628367946692521,176,161,140,Blue,0,0,1,1,Nylon,low,Recyclable
16.785719239715334,10.760047205630512,0.07105501616764842,0.7678956405675879,142,160,89,Yellow,0,0,0,1,Silk,medium,Upcyclable
22.706537651876612,4.446600029001267,0.3691593393817879,0.2822442585900496,17,177,208,Grey,1,0,1,1,Wool,low,Hazardous
20.24793494188026,14.526550070309742,0.26810462909106486,0.04021087627584065,37,187,95,Grey,0,0,1,0,Nylon,medium,Repairable
13.01840384143525,22.17711944136766,0.046881359542927256,0.0004587772549796227,119,71,151,Red,0,0,0,0,Cotton,high,Reusable
16.335021997141798,27.140353590026777,0.7444070988332631,0.8103707772711818,88,71,117,White,0,1,1,1,Polyester,low,Recyclable
14.055992522729337,13.310923362700146,0.33336781561862844,0.3656070867896054,83,251,61,Brown,0,0,1,1,Cotton,low,Recyclable
13.285081944446308,15.044026134278791,0.0002932747582754478,0.911614175768213,149,41,184,Black,0,0,0,1,Cotton,medium,Upcyclable
24.796816776168196,8.879620293832271,0.21392753786150154,0.02093141936759019,242,241,35,Black,1,0,1,0,Wool,medium,Repairable
20.85612388772038,19.622729955502685,0.7084459172625651,0.10356688766365726,203,85,187,Green,0,0,1,0,Cotton,medium,Repairable
12.456723237914765,9.818856389710225,0.23699436507645064,0.008473087285524589,232,90,244,Beige,0,0,1,0,Cotton,medium,Hazardous
25.196799003466005,26.8775337588944,0.3938263928557905,0.5224251538476603,103,27,213,Green,1,1,1,1,Polyester,medium,Upcyclable
20.458396167012875,0.5,4.33794513297163e-07,0.00010041372304571934,255,202,123,Black,0,0,0,0,Cotton,high,Upcyclable
24.50289695071168,15.68444393057045,0.07331939619145722,0.05527859422485055,187,154,200,Green,1,0,0,0,Cotton,high,Reusable
23.037030735388896,23.613288070300904,0.4620614060671747,0.12240878476120164,110,118,21,Green,1,0,1,0,Cotton,medium,Repairable
11.368039912623422,22.206014195870054,0.12015588542408219,0.0704521129725693,224,128,104,Brown,0,0,0,0,Cotton,high,Reusable
13.518551678424243,52.31640396776596,0.049291731350369454,0.3895967262024275,220,230,113,Yellow,0,1,0,1,Polyester,medium,Upcyclable
23.978348840986094,24.19760029481489,0.2845309279621797,0.00050032668263316,193,219,109,Grey,1,0,1,0,Wool,medium,Repairable
22.88296212346772,7.951344837895878,0.061525328233843324,0.2388329195980692,25,90,211,Green,1,0,0,1,Cotton,medium,Upcyclable
17.832787248286817,18.854429034931123,0.005736326579378939,0.12173612131061715,63,7,2,Green,0,0,0,0,Cotton,high,Reusable
18.938619066470256,0.5,0.49500091377043465,0.17833916983334563,253,120,163,Beige,0,0,1,1,Cotton,low,Recyclable
28.2213191663074,19.03280300843887,0.7609757711485513,0.31008802705070126,248,45,96,Black,1,0,1,1,Wool,low,Hazardous
13.267428889313361,10.003327315990896,0.021773670670140806,0.481407185110755,223,23,209,Green,0,0,0,1,Cotton,medium,Upcyclable
22.3767790493603,30.98468330672194,0.29197448664036263,0.2712111525075549,57,114,35,Red,1,1,1,1,Polyester,low,Recyclable
16.382458780528847,13.405516704853582,0.5708119329403734,0.2071146502604943,130,167,9,Yellow,0,0,1,1,Silk,low,Recyclable
16.25855037418224,18.59880901045704,0.26851049197312826,0.18206179763032906,29,178,99,Green,0,0,1,1,Cotton,low,Recyclable
26.79021481589752,12.373305903147159,0.2631554358403023,0.6648943177524552,18,245,20,Yellow,1,0,1,1,Cotton,low,Recyclable
24.603330791904238,40.86621622223998,0.032120918452669574,0.09143951775259902,9,227,216,Beige,1,1,0,0,Polyester,high,Reusable
24.50807708800511,16.14508680658506,0.006181500854533043,0.8172438765699727,88,118,176,Blue,1,0,0,1,Nylon,medium,Upcyclable
28.443830457234633,41.990684521750424,0.00025394497814993137,0.035913583358805935,173,23,103,Beige,1,1,0,0,Polyester,high,Reusable
18.16803073306207,29.7698211454192,0.008351917288142125,0.05246830691075525,146,233,114,Beige,0,1,0,0,Polyester,high,Reusable
23.45562377035971,25.784800728024635,0.9381635298713995,0.16589735225069333,126,21,136,Black,1,1,1,1,Wool,low,Hazardous
15.517865947252352,24.424797767810237,0.031681966118284596,0.12673403644544393,185,201,111,Beige,0,0,0,0,Cotton,high,Reusable
20.593330819907536,24.72556757859502,0.6701806786699351,0.4547822633977075,123,67,218,White,0,0,1,1,Silk,low,Recyclable
16.958855565058524,0.5,0.024951169697792062,0.16681448469317758,106,135,247,Red,0,0,0,1,Cotton,medium,Upcyclable
18.775967719941747,16.65339927019092,0.18665214565268404,0.0027717896681672305,84,230,119,Black,0,0,1,0,Cotton,medium,Repairable
22.761256203495307,30.141895654211858,0.5535801376930276,0.45615271283497344,5,57,248,Brown,1,1,1,1,Silk,low,Recyclable
11.454234534132219,19.413233798310735,0.04302645783659917,0.00447215376750481,50,14,78,Beige,0,0,0,0,Cotton,high,Reusable
34.739098205483685,3.1377218383570984,0.2830021770418861,0.05232750975290266,141,7,179,Pink,1,0,1,0,Wool,medium,Repairable
9.951860948002384,19.371146593070367,0.2011037352836555,0.0037972255665184823,57,220,95,Pink,0,0,1,0,Silk,medium,Repairable
8.286491097698143,40.449266195065896,0.16184747506321362,0.08868533327504813,135,169,175,Grey,0,1,0,0,Polyester,high,Reusable
27.26488698800054,34.96270058641663,0.3376198562962605,0.6780480629490652,1,166,187,Green,1,1,1,1,Polyester,low,Recyclable
24.333301551703485,19.25595188760762,0.006421877811755983,0.4646536314878197,245,253,244,White,1,0,0,1,Linen,medium,Upcyclable
22.99295853641724,31.41739132469704,0.031743290283627754,0.509080071891217,17,242,107,White,1,1,0,1,Polyester,medium,Upcyclable
23.02676407411424,15.601915755583377,0.0011289103471528307,0.20666498736236824,248,34,118,Yellow,1,0,0,1,Polyester,medium,Upcyclable
17.902025817224683,0.5,0.44217258799700476,0.06642504001337399,213,168,177,Grey,0,0,1,0,Nylon,medium,Repairable
10.821965028113347,8.906408142445347,0.07830065752226502,0.09024163370081201,184,47,166,Pink,0,0,0,0,Silk,high,Reusable
18.606436465549812,38.754665222098374,0.3997802289155932,0.009959676289107761,221,205,143,Beige,0,1,1,0,Polyester,medium,Repairable
12.582706307903106,16.71208301804835,0.2431658899818462,0.09007150003708525,227,95,27,Red,0,0,1,0,Cotton,medium,Repairable
25.80095786734201,17.079392247499783,0.054576023575676876,0.33075968807964307,91,70,242,Green,1,0,0,1,Cotton,medium,Upcyclable
16.82354094798289,16.401941644701434,0.0012886845719476073,0.4910389352232163,162,43,5,Red,0,0,0,1,Cotton,medium,Compostable
11.396022425659908,42.84963907487608,0.22885374096442004,0.5025160395383785,193,96,60,Pink,0,1,1,1,Polyester,low,Recyclable
15.428913266776053,39.51150698434476,1.0479951612988935e-05,0.10134981757915608,55,239,5,Pink,0,1,0,0,Polyester,high,Reusable
21.303451634204993,46.625362801377605,0.09542869908502409,0.07252271030217701,227,34,229,Blue,0,1,0,0,Polyester,high,Reusable
13.490203577568202,18.091457475199384,0.0482846998793925,0.40096512509195475,209,26,121,Green,0,0,0,1,Cotton,medium,Upcyclable
11.42223683546855,23.54749386496514,0.3050202281671844,0.009903327491477307,42,192,238,Yellow,0,0,1,0,Silk,medium,Repairable
19.9494976919353,1.8002894069505047,0.009797240154729749,0.4588510405332329,72,69,193,White,0,0,0,1,Silk,medium,Upcyclable
19.959732568869782,37.72321311341929,0.1291226418575047,0.10361296068997441,219,252,104,Yellow,0,1,0,0,Polyester,high,Reusable
13.944454597030962,5.986645384784779,0.8174642857226931,0.13643720877224058,71,65,167,White,0,0,1,0,Silk,medium,Repairable
14.231693555053418,22.60130676515155,0.43490573061150184,0.056902881013917356,116,70,198,Blue,0,0,1,0,Nylon,medium,Repairable
19.85639949886109,6.832369668405871,0.3887455596670276,0.22827442526524666,7,199,218,Yellow,0,0,1,1,Silk,low,Recyclable
6.415325268021407,12.933598079135647,0.0008333271746285177,0.49426814898799587,4,190,61,Grey,0,0,0,1,Nylon,medium,Upcyclable
6.740289804987558,9.952850827403596,0.020803128234559536,0.12630382560022108,12,236,27,Green,0,0,0,0,Cotton,high,Reusable
12.252446229980512,12.705496871890185,0.0008528570604338413,0.1600766902389126,6,220,251,Black,0,0,0,1,Cotton,medium,Recyclable
16.292422786305224,13.530527562212256,0.08334657259113155,0.0603250253043621,20,79,79,Green,0,0,0,0,Cotton,high,Reusable
20.487260524784038,13.420774460899075,0.37664022751294546,0.9037856959196968,220,28,174,Green,0,0,1,1,Cotton,low,Recyclable
29.802849735596418,30.000006941363687,0.09901882183875689,0.05526554772500138,36,30,8,Blue,1,1,0,0,Cotton,high,Reusable
24.861276985616154,6.74164648324976,0.2854594296117165,0.16512614949166723,172,191,179,Red,1,0,1,1,Cotton,low,Recyclable
16.72049176029258,22.6464971241664,0.7491896580049751,0.5389585928510893,179,213,14,Pink,0,0,1,1,Silk,low,Recyclable
17.847870336778488,34.6155098276667,0.045823711745807724,0.7784749828002598,252,180,161,Brown,0,1,0,1,Polyester,medium,Upcyclable
9.97976508289753,13.841643625839248,0.016995920668074975,0.1303792011550838,175,201,19,Black,0,0,0,0,Denim,high,Reusable
17.85189491206088,11.384973311028778,0.41799363190806876,0.33547862149152907,61,67,205,Beige,0,0,1,1,Cotton,low,Recyclable
15.690730888638893,17.23370449783699,0.403198413106078,0.4964455572606925,205,24,59,Red,0,0,1,1,Cotton,low,Recyclable
20.581748482704715,34.15670250032852,0.14358404922699206,0.13978501548469954,100,247,185,White,0,1,0,0,Polyester,high,Reusable
11.382152451581415,22.329291571440294,0.08035457627832521,0.0237465089732763,118,116,74,Green,0,0,0,0,Cotton,high,Reusable
22.15477211392938,13.625428464708818,0.7043243145589766,0.07476569847951449,178,140,93,Blue,1,0,1,0,Denim,medium,Repairable
30.26191130402062,25.806519814256475,0.5648735393734072,0.3555073783337033,131,80,66,Blue,1,1,1,1,Denim,low,Recyclable
17.12991881234514,6.772494201962921,0.19841707877826487,0.4541782164702249,119,167,1,Green,0,0,1,1,Cotton,low,Recyclable
21.21369377679153,28.176314125315375,0.14274009251577752,0.021169376405912335,85,199,177,White,0,1,0,0,Polyester,high,Reusable
23.5211519336889,24.903287692421213,0.010984408499081458,0.8478339771578391,183,86,141,Black,1,0,0,1,Wool,medium,Upcyclable
14.79023622491331,16.306298346333392,0.220188934465836,5.334493316529212e-05,74,134,183,Black,0,0,1,0,Cotton,medium,Repairable
19.792739854483333,9.936970418633228,0.0009263708499561595,0.34266668752947094,33,159,220,Red,0,0,0,1,Cotton,medium,Upcyclable
18.10073920625436,9.359828932598512,0.013312604258769126,0.14668055397557597,44,23,196,Green,0,0,0,0,Cotton,high,Reusable
18.781408788390653,26.417808036150923,0.11226144038966956,0.2637639860757625,143,0,43,Grey,0,1,0,1,Polyester,medium,Upcyclable
11.815921729156269,34.74776602986874,0.5008296057687234,0.0894473211173408,136,110,173,Yellow,0,1,1,0,Polyester,medium,Repairable
18.19608139407154,12.352307035654462,0.013205824016967516,0.11647189499468015,207,46,133,Grey,0,0,0,0,Nylon,high,Reusable
21.9839863299636,25.50064044261781,0.04141325732608407,0.3445018965205773,230,251,135,Beige,0,1,0,1,Polyester,medium,Upcyclable
29.609148862360335,0.5,0.5073503354243415,0.47798581056977796,15,178,38,Grey,1,0,1,1,Linen,low,Hazardous
25.674166608681656,12.984587232113604,0.24429763682731537,0.4492898549250301,94,35,230,Blue,1,0,1,1,Cotton,low,Recyclable
35.225459660092454,19.627292805549178,0.051424718568713564,0.10342105823466938,158,154,235,Red,1,0,0,0,Cotton,high,Reusable
11.861219496895604,9.083798996217997,0.015837423488565414,0.3212390842123159,140,197,92,Brown,0,0,0,1,Cotton,medium,Upcyclable
24.978565093765425,8.761923502524848,0.17124925518892029,0.12996017699013218,127,41,230,Pink,1,0,0,0,Linen,high,Reusable
19.466736045906814,11.986645322373366,0.4512881230840299,0.03351096948918262,4,222,43,Beige,0,0,1,0,Cotton,medium,Repairable
35.51842346574138,23.506312739916478,0.028645208706927994,0.006767952505182285,122,75,26,Brown,1,0,0,0,Wool,high,Reusable
11.533613717158788,17.752051779123505,0.5905401023497259,0.07813786742007754,126,89,15,Green,0,0,1,0,Cotton,medium,Repairable
11.28222526255379,0.5,0.26890426771477943,0.7464660314143634,174,88,218,Grey,0,0,1,1,Polyester,low,Hazardous
13.204858836447823,0.5,0.37288662155396723,0.28250856548666287,166,67,38,Pink,0,0,1,1,Silk,low,Recyclable
2.0,12.717617865713894,0.2756336172727638,0.018530106375721823,17,69,231,Brown,0,0,1,0,Cotton,medium,Repairable
13.793959826553913,25.492239032642622,0.11008678630903673,0.24747032101736557,250,248,128,White,0,1,0,1,Polyester,medium,Upcyclable
11.926938707570416,0.5,0.016788886394443283,0.0316417396013983,147,109,236,Beige,0,0,0,0,Cotton,high,Reusable
19.20315029180966,14.003237886180433,0.17705907973376053,0.3582179497707979,246,125,178,Yellow,0,0,0,1,Polyester,medium,Upcyclable
20.734047806217276,13.685025721790947,0.6069715195937702,0.5964404348165343,129,140,190,Beige,0,0,1,1,Cotton,low,Recyclable
33.00936671372709,36.66005333850137,0.27057389271774107,0.518994683902252,39,152,32,Pink,1,1,1,1,Polyester,low,Recyclable
25.6033907054884,15.379738259445636,0.2242729992559944,0.2345631508701789,157,94,247,Brown,1,0,1,1,Wool,medium,Reusable
13.384770754700774,24.595867816891143,0.6826427212718778,9.952350527219259e-06,9,21,49,Pink,0,0,1,0,Silk,medium,Repairable
10.812682629213135,21.69508568104956,0.6463745509479973,0.27473767802830745,63,244,102,Green,0,0,1,1,Cotton,low,Recyclable
21.935353372052045,0.5,0.1873944527758322,0.551169738981352,41,226,181,Red,0,0,1,1,Cotton,low,Recyclable
7.438134343834863,29.21848659958085,0.48676120794845346,0.07973058612175517,202,20,26,Pink,0,1,1,0,Polyester,medium,Repairable
32.65167012683483,22.584758065475455,0.6945829775954278,0.0005742953202527297,180,142,208,Black,1,0,1,0,Wool,medium,Repairable
27.435520965770294,26.099223676095075,0.9236630950539443,0.04577050138744435,92,194,123,Blue,1,1,1,0,Denim,medium,Repairable
14.246594783162362,67.11485247723593,0.07436318108967249,0.0011151347232338717,180,164,206,Grey,0,1,0,0,Polyester,high,Reusable
4.29492376727298,0.5,0.003120781124198774,0.4361862958328587,39,44,85,Yellow,0,0,0,1,Silk,medium,Upcyclable
28.830978993323303,40.6963597971333,0.7605234931389756,0.8674524633113391,143,153,248,Blue,1,1,1,1,Denim,low,Recyclable
17.083681237979057,16.550629767195733,0.8069310001449859,0.16629856248269326,175,249,146,Black,0,0,1,1,Cotton,low,Hazardous
27.902530495787694,23.44794685283611,0.13970549527747744,0.22442999401999938,124,110,27,White,1,0,0,1,Linen,low,Recyclable
5.244578729645063,19.453853056385093,0.035499878000270754,0.0016199275311612842,60,208,150,Red,0,0,0,0,Cotton,high,Reusable
13.204999816369817,14.909163999223477,0.0324397502497118,0.03735916555899416,219,229,63,Yellow,0,0,0,0,Silk,high,Reusable
18.041949597745464,13.162004861134895,0.048276559187839636,0.41435223980515495,208,182,227,Red,0,0,0,1,Cotton,medium,Upcyclable
18.375844750117935,23.95410482687611,0.34946088509845585,0.002450499119958443,165,177,240,Red,0,0,1,0,Cotton,medium,Upcyclable
14.399476228166051,1.7939156399398506,0.10702300710524887,0.045223052750266016,113,162,166,White,0,0,0,0,Silk,high,Reusable
22.98279945877999,29.006950010261185,0.07878193334875862,0.08133162473174754,240,249,239,White,1,1,0,0,Polyester,high,Reusable
9.459036564939245,15.005667141376954,0.2148224207541142,0.061103553225766355,43,168,48,Red,0,0,1,0,Cotton,medium,Hazardous
16.860964119829653,6.439167931515707,0.24694793869913376,0.09462090775831329,142,71,186,White,0,0,1,0,Silk,medium,Repairable
18.96236505369519,14.599845704050235,0.4124358018895899,0.7079848977673772,94,115,147,Grey,0,0,1,1,Nylon,low,Hazardous
22.11551067246999,35.085790602350876,0.6697943423816942,0.016426084552306985,60,10,188,White,1,1,1,0,Polyester,medium,Repairable
23.692919024711117,13.575978955805322,0.3525572293193007,0.03562455534893133,6,251,110,Blue,1,0,1,0,Denim,medium,Repairable
9.002863265297046,24.301443418515444,0.37832411514524045,0.20497227264142842,123,87,127,Green,0,0,1,1,Cotton,low,Recyclable
5.727086634115022,11.228524691414322,0.40872133129823623,0.7236381081264943,237,234,8,Pink,0,0,1,1,Silk,low,Recyclable
28.22141457518807,29.095062199083436,0.4939557016668154,0.8170452619723402,29,135,244,Brown,1,1,1,1,Wool,low,Recyclable
20.658512095836734,28.22609286548245,0.7260604692065732,0.006077374274526596,163,253,22,Beige,0,1,1,0,Polyester,medium,Repairable
12.012107707547571,42.183305999556936,0.1387387788197194,0.0024502263345215517,254,53,236,Yellow,0,1,0,0,Polyester,high,Reusable
30.409215804180185,17.893232654009413,0.0011772202564767436,0.26818877703642996,112,221,134,Brown,1,0,0,1,Wool,medium,Upcyclable
18.925397074342868,28.02385765709488,0.11833744965020755,0.16356179335989568,89,128,158,Blue,0,1,0,1,Polyester,medium,Upcyclable
27.43437747251061,21.176810474467334,0.1217694863340009,0.5347165947866471,138,225,59,Red,1,0,0,1,Cotton,medium,Recyclable
18.54014785128087,35.550461382356175,0.3444851837975504,0.09335319255982151,122,19,242,Brown,0,1,1,0,Polyester,low,Recyclable
34.4859833990559,11.374011348695236,0.0028977465031889893,0.10784989165549061,197,99,60,Beige,1,0,0,0,Linen,high,Reusable
32.042726739545635,28.940063754527372,0.38144403998772447,0.0002915586198270776,105,33,74,Black,1,1,1,0,Wool,medium,Recyclable
16.008286812167412,17.66363244659982,0.4611717647154865,0.03023635616265805,156,56,231,Yellow,0,0,1,0,Silk,medium,Repairable
25.772567607634844,19.22974187469803,0.4090610740403176,0.18853018645332423,91,225,208,White,1,0,1,1,Linen,low,Recyclable
23.16300759668118,21.101029813380475,0.0053867522134953974,0.0568878841181591,206,140,227,Beige,1,0,0,0,Linen,high,Reusable
28.94905246025879,23.02688475712013,0.5914771801458399,0.04004257139887026,92,124,153,Pink,1,0,1,0,Cotton,medium,Repairable
10.280612315359164,18.605251482536502,0.018915296156314352,0.14035150017497627,133,181,99,White,0,0,0,0,Silk,high,Reusable
23.488411679987514,22.576558198046317,0.8318253428157771,0.0707695095923546,111,52,209,Brown,1,0,1,0,Wool,medium,Repairable
26.467395894796702,38.93741669074622,0.39007520931612666,0.49659226064659046,203,51,53,Red,1,1,1,1,Polyester,low,Recyclable
3.9300841086150857,31.82539622738262,0.05154735424175013,0.004276444371715362,50,133,30,Pink,0,1,0,0,Polyester,high,Reusable
8.5339318986738,30.42985510996276,0.40619280751048814,0.025740112528259553,79,35,240,Beige,0,1,1,0,Polyester,medium,Repairable
2.0,14.533525687713551,0.2427986975919244,0.25774852200324455,109,152,226,White,0,0,1,1,Silk,low,Recyclable
15.844745324443538,9.329110061260108,0.3967057690621307,0.01748405106896623,37,90,168,Green,0,0,1,0,Nylon,medium,Repairable
23.740338046367697,31.463606698853035,0.0033181726055516512,0.11278137764101381,249,185,27,Red,1,1,0,0,Polyester,high,Reusable
30.018856416768223,30.51256151035753,0.025926024657722938,0.2299357639695813,200,238,89,Red,1,1,0,1,Polyester,medium,Upcyclable
18.5927582433582,37.67204810901178,0.19470553334150634,0.16855782629830976,21,182,5,Red,0,1,1,1,Polyester,low,Recyclable
31.028924364570337,12.752232488369245,0.0138641741259373,0.7335629176586762,224,94,33,Green,1,0,0,1,Cotton,medium,Upcyclable
6.959188334280869,17.245416135675836,0.404610347942869,0.018225255309026616,89,2,91,Beige,0,0,1,0,Cotton,medium,Repairable
4.372940485158763,0.5,0.006774421482630023,0.22148344976277015,181,27,107,Blue,0,0,0,1,Nylon,medium,Reusable
17.55561840882705,15.290346727269526,0.19666839624244792,0.0005031594804739569,167,121,254,Red,0,0,1,0,Cotton,medium,Repairable
21.072523591514457,31.958846126953368,0.5707637111531,0.4423384644257109,134,195,238,Pink,0,1,1,1,Polyester,low,Recyclable
17.738442015247255,14.402055449261624,0.5004692423727607,0.10583525433662591,109,208,8,White,0,0,1,0,Silk,medium,Repairable
2.0,27.685757542409885,0.5977576470648989,0.7092684652405735,223,165,92,Black,0,1,1,1,Polyester,low,Hazardous
17.287039683897692,17.713962728026264,0.07365900230259494,0.018324737205108337,167,33,97,Red,0,0,0,0,Cotton,high,Reusable
7.564243995961174,23.888684338658727,0.08212043284957023,0.10912543950307156,106,83,11,Yellow,0,0,0,0,Silk,high,Reusable
23.35738039064031,6.227703322211992,0.00956341028490258,0.3964373914862305,123,140,15,Black,1,0,0,1,Wool,medium,Upcyclable
20.932785968774787,21.02251339560681,0.2533178920995926,0.0023906851667539115,23,110,70,Black,0,0,1,0,Cotton,medium,Repairable
10.480961709381159,0.5,0.038199854894640915,0.07234055803579234,254,4,158,Yellow,0,0,0,0,Silk,high,Reusable
13.889064661306453,17.757246102056182,0.824677652775209,0.2263186793018819,40,127,160,Red,0,0,1,1,Cotton,low,Recyclable
9.526291824888387,0.5,7.663165882762065e-05,0.2430837911032783,50,187,244,Yellow,0,0,0,1,Silk,medium,Upcyclable
17.498567221814625,34.47193419856179,0.025453776732000243,0.269935288849738,166,87,134,Blue,0,1,0,1,Polyester,medium,Upcyclable
25.641138564009907,29.328888233174133,0.6237790167917424,0.02426551891612407,101,114,2,White,1,1,1,0,Polyester,medium,Repairable
10.11419162931565,25.600051783592974,0.48693820264115284,0.1415771056844294,113,101,147,Black,0,1,1,0,Polyester,medium,Repairable
22.032372124142753,38.252074725912564,0.22917211497623652,0.00885001644630785,228,16,4,Yellow,1,1,1,0,Polyester,medium,Repairable
13.757939053020474,8.613001750101953,0.18114927319358726,0.12031247301704368,210,184,194,Grey,0,0,1,0,Nylon,low,Recyclable
11.657017341901247,40.9683583749867,0.01563592575578153,0.25742346265290356,170,30,238,Grey,0,1,0,1,Polyester,medium,Upcyclable
17.14375712036354,31.18629877112462,0.29825851241588747,0.003335637492227111,68,91,37,White,0,1,1,0,Polyester,medium,Repairable
9.718061420645007,17.16133655337265,0.5310622649155261,0.33599351689787277,221,192,78,Green,0,0,1,1,Cotton,low,Recyclable
13.570805557222544,33.62744176619533,0.2578866083449825,0.6131368984565491,186,193,98,Blue,0,1,1,1,Polyester,low,Recyclable
8.416976859289212,6.724477851060389,0.06428431290090851,0.619626184288441,152,160,183,Green,0,0,0,1,Nylon,medium,Upcyclable
33.717801063331116,10.105830061667918,0.0044819816025055215,0.0975026643718582,93,103,150,Red,1,0,0,0,Cotton,high,Reusable
18.28210841577383,12.696923321123595,0.04494785418558044,0.022243145892182445,119,92,224,Pink,0,0,0,0,Silk,high,Reusable
12.402195936059314,13.652267503231817,0.34270643913731225,0.23039142267356108,24,131,1,Red,0,0,1,1,Cotton,low,Recyclable
19.711839285873776,7.321308286876967,0.06929025797192245,0.0019050150793056676,200,81,99,White,0,0,0,0,Silk,high,Reusable
17.10137560247336,34.6769968051439,0.1564565019284962,0.04124004467881871,218,54,148,Green,0,1,0,0,Polyester,high,Reusable
16.232243203734217,16.89374719556202,0.06995772931423859,0.39894864914195943,151,151,205,Brown,0,0,0,1,Cotton,medium,Upcyclable
22.9133336003474,24.230059620282553,0.04292523280159039,0.018025943929546928,189,159,141,White,1,0,0,0,Linen,high,Reusable
24.06006168037844,13.155783603035832,0.3966090313406766,0.08434345343491857,103,72,250,Green,1,0,1,0,Cotton,medium,Repairable
13.75599081911578,0.5,0.013021078666469373,0.5753355464419095,42,46,189,Pink,0,0,0,1,Silk,medium,Upcyclable
13.393454074842559,23.240688300697066,0.021777535457658013,0.06238734827394362,58,143,233,Red,0,0,0,0,Cotton,high,Reusable
15.799586422786849,0.5,0.8515744970907118,0.5837945979873617,53,148,138,Beige,0,0,1,1,Cotton,low,Recyclable
2.0,19.176391446974378,0.45953026915044287,0.05424528178237453,229,93,131,Blue,0,0,1,0,Nylon,medium,Repairable
5.878471502411582,3.5802195340062752,0.06690206652120076,0.021524751461053402,253,66,46,Grey,0,0,0,0,Nylon,high,Reusable
28.934994139556196,43.8473119907697,9.314872899588269e-05,0.2598482493582382,78,96,115,Grey,1,1,0,1,Wool,medium,Upcyclable
31.15974170801027,30.93635266609666,0.09833633715156433,0.0008844916133222648,229,158,93,Black,1,1,0,0,Wool,high,Reusable
16.007711683548973,21.269045495257764,0.3205018313532298,0.0014692241084815147,153,119,248,Brown,0,0,1,0,Cotton,medium,Repairable
22.61245570444613,35.164480131856024,0.1832262376592039,0.022518923611765294,53,236,99,Brown,1,1,1,0,Wool,medium,Repairable
20.490001236348288,9.844208270411169,0.0030466306109604145,0.16113333683358386,188,141,19,Red,0,0,0,1,Cotton,medium,Upcyclable
42.6310464676419,26.521752544041114,0.10047954427909093,0.035270318817651004,221,133,179,Blue,1,1,0,0,Denim,high,Reusable
26.956599291476614,22.397725204624564,0.4482456228552838,0.1311321410315877,74,196,15,Yellow,1,0,1,0,Cotton,medium,Repairable
16.976659268153867,23.16824097600404,0.012586559679185441,0.3493907755371076,92,156,225,Yellow,0,0,0,1,Silk,medium,Upcyclable
10.355676475196594,35.268242001281216,0.15913670067829447,0.04745489017494847,206,182,172,Yellow,0,1,0,0,Polyester,high,Reusable
5.14842943793942,28.78990523335763,0.5560038052292302,0.04040597081417823,171,36,135,Beige,0,1,1,0,Polyester,medium,Repairable
19.627709086937784,23.46468395390028,0.2826077790936854,0.09843584423996075,136,186,236,Green,0,0,1,0,Cotton,medium,Repairable
11.949194037725572,0.5,0.4247777884825824,0.1906796410337349,41,163,189,Yellow,0,0,1,1,Silk,low,Recyclable
6.621970323218607,8.479444456646435,0.4432801941559608,0.528962647727135,156,212,211,White,0,0,1,1,Silk,low,Recyclable
12.827416926059787,18.52749279685131,0.119592025000828,0.6000246923662682,78,203,148,Yellow,0,0,0,1,Silk,medium,Upcyclable
9.34761597108484,21.120468491319816,0.21988503486806454,0.02216676685749973,80,109,63,Yellow,0,0,1,0,Denim,medium,Repairable
31.497133080580518,6.437555303912914,0.09659756475353337,0.009678819994607396,207,186,103,Beige,1,0,0,0,Linen,high,Reusable
25.053118055595604,48.94012010694105,0.02897590104059418,0.4585900469510945,57,214,157,Grey,1,1,0,1,Wool,medium,Upcyclable
17.936218869467062,38.196728663042876,0.13387250932112849,0.8331983735956173,85,77,163,Red,0,1,0,1,Polyester,medium,Upcyclable
29.839553111120207,27.2254198447098,0.1215421523273449,0.0024892355358853697,231,191,132,Red,1,1,0,0,Polyester,high,Reusable
18.618946461180947,20.864442335404938,0.16096328833588666,0.3500650643935202,190,170,212,Green,0,0,0,1,Cotton,medium,Upcyclable
11.10972638937389,17.45349236118618,0.011150147777353299,0.16568700236263764,176,117,37,Red,0,0,0,1,Cotton,medium,Upcyclable
30.18499261815726,8.576978479733173,7.483005964994019e-05,0.3887460584801778,254,41,214,Green,1,0,0,1,Cotton,medium,Upcyclable
22.31128034947727,20.929766222226352,0.24464996704535116,0.06033425014475683,106,73,18,Black,1,0,1,0,Wool,medium,Repairable
9.702030765388349,23.093030481713008,0.1926466963486716,0.08347866566820758,138,124,253,Blue,0,0,1,0,Wool,medium,Repairable
16.477290575331136,5.098873094220508,0.07459319071598151,0.651731368788964,101,59,73,Yellow,0,0,0,1,Silk,medium,Upcyclable
10.995053972921943,24.01011700693877,0.1972274471414761,0.18511199057736766,216,189,154,Red,0,0,1,1,Cotton,low,Recyclable
6.9376021522853115,18.136891414103015,0.045121460982564025,0.08807375510949339,53,63,226,Yellow,0,0,0,0,Silk,high,Reusable
25.40942038025313,0.5,0.38574531948023794,0.06326472046715882,29,218,140,Blue,1,0,1,0,Denim,medium,Repairable
33.275333123761044,9.675379870645976,0.04226237622973419,0.07591653991921496,193,232,136,Black,1,0,0,0,Wool,high,Reusable
6.81145940944687,15.03673359894027,0.0983262154721752,0.5339676342664648,64,57,16,Red,0,0,0,1,Cotton,medium,Compostable
22.503753893524568,42.65225188808228,0.3677879673326323,0.21603728544478504,243,1,94,Red,1,1,1,1,Wool,low,Recyclable
12.794859447025384,26.6786374944051,0.5704989532914797,0.30049030715709474,229,77,233,Pink,0,1,1,1,Polyester,low,Recyclable
14.102996929882432,3.9742211708013038,0.2128164994751935,0.020860229591402636,57,70,171,Pink,0,0,1,0,Silk,medium,Repairable
13.260848606089047,25.832435473011643,0.028362951104054457,0.00041663874289160836,249,208,44,Grey,0,1,0,0,Polyester,high,Reusable
11.08807384256147,1.432352132739613,0.0021027592567317453,0.043212826948691815,184,119,87,Pink,0,0,0,0,Silk,high,Reusable
18.388173023558615,32.992292646644884,0.6442776412038139,0.012366895125444019,36,255,41,Green,0,1,1,0,Polyester,medium,Repairable
11.352399068711698,14.346504178185457,0.1492597693977061,0.3481052574877973,246,211,50,Brown,0,0,0,1,Cotton,medium,Upcyclable
20.163654606238712,18.87636573512995,0.037426259259376336,0.014037891365847611,117,7,244,Green,0,0,0,0,Cotton,high,Reusable
17.598095124406903,35.90955977050628,0.17527184631016368,0.13412890268859665,181,183,210,Brown,0,1,0,0,Polyester,high,Reusable
16.088415625068723,4.5540371769890005,0.16015047925566758,0.4198984540785312,72,211,185,Blue,0,0,0,1,Nylon,medium,Upcyclable
10.739490703667217,3.234581778644106,0.07987104584313728,0.018582445510746306,68,163,112,White,0,0,0,0,Silk,high,Reusable
13.385829355453339,12.996808083847942,0.8418440277686136,0.17057102567999327,241,196,185,Red,0,0,1,1,Cotton,low,Recyclable
24.043129806606046,32.4605462122318,0.09327705041254684,0.005541122855999685,151,12,157,White,1,1,0,0,Polyester,high,Reusable
22.007337500995046,1.76784709427789,0.14351365158171348,0.04602661595535818,62,38,132,Green,1,0,0,0,Cotton,high,Reusable
10.179558041611593,0.5,0.028237560308178585,0.0774016568097561,218,101,7,White,0,0,0,0,Silk,high,Reusable
18.794658443433807,14.586093699092014,0.022052963492401104,0.04926362004769289,93,80,36,Red,0,0,0,0,Cotton,high,Reusable
24.011096986974312,26.620889598931043,0.0343771980481221,0.20078748786905284,178,5,46,Beige,1,1,0,1,Wool,medium,Reusable
4.644757751029026,34.40314099686595,0.04255872563270216,0.4632379808710938,14,18,99,White,0,1,0,1,Polyester,medium,Upcyclable
22.34688153903948,14.442063654975211,0.38040070566369366,0.18576039885699566,253,152,88,Pink,1,0,1,1,Cotton,low,Recyclable
12.699009928433227,15.06288071460797,0.01002077650962218,0.01827489575242713,174,130,172,Red,0,0,0,0,Cotton,high,Reusable
22.564789348745276,33.84680881106897,0.4112610868914298,0.7772074708816488,200,104,240,Black,1,1,1,1,Wool,low,Hazardous
11.893926747659865,0.5,0.6488081310690056,0.02896615019226748,173,52,132,Pink,0,0,1,0,Silk,medium,Repairable
3.5609431946838477,15.337750697803889,0.01720018967655355,0.06645692607282533,228,27,224,Beige,0,0,0,0,Cotton,high,Reusable
4.979660496934699,22.285086679100694,0.43324908025772557,0.06841301955392735,29,153,190,Beige,0,0,1,0,Cotton,medium,Repairable
18.384679573291056,25.39062465542041,0.2555663913408133,0.828118837302333,112,46,85,Yellow,0,1,1,1,Polyester,low,Recyclable
20.077780013771854,13.88231968170941,0.27559746730346363,0.5126553237817455,78,135,174,Pink,0,0,1,1,Silk,low,Recyclable
10.765466999164731,20.413292140470098,0.22579934145687225,0.714548496988231,147,56,233,Brown,0,0,1,1,Cotton,low,Recyclable
23.10873967021899,0.5,0.4650874323827744,0.06254779933787569,56,248,24,Black,1,0,1,0,Wool,medium,Repairable
4.707839501848321,12.10101905199382,0.004514695878552144,0.1558453729499085,176,54,234,Red,0,0,0,1,Cotton,medium,Upcyclable
17.471361610821468,25.44210455065361,0.29199231615046467,0.7021642430341459,55,249,125,Beige,0,1,1,1,Polyester,low,Recyclable
8.311870401900347,8.212471588943846,0.0879579002505434,0.6713224178615216,55,78,177,Beige,0,0,0,1,Cotton,medium,Upcyclable
12.785311137582728,20.707810659075168,0.30651372093450296,0.2148789679648292,152,0,220,Black,0,0,1,1,Cotton,low,Hazardous
18.37918937053131,25.362470009632375,0.051342561559375506,0.009047974326923483,8,167,172,Yellow,0,1,0,0,Cotton,high,Reusable
11.116693077728382,15.88940958970682,0.18913039211479812,0.11314175774203118,236,22,115,Brown,0,0,1,0,Cotton,medium,Repairable
14.923555646161397,22.045565251958852,0.2953527494448904,0.3067520246789179,21,227,119,Blue,0,0,1,1,Nylon,low,Recyclable
26.050342473715524,8.447209216584653,0.04897640195997471,0.0015449777873107824,76,181,29,Beige,1,0,0,0,Linen,high,Reusable
13.38486504381481,17.52066464364744,0.0846945105811985,0.9213500643780762,164,41,47,Yellow,0,0,0,1,Silk,medium,Upcyclable
24.685536896521135,27.322594035070672,0.00039785560809075144,0.11020303372868227,123,207,178,Grey,1,1,0,0,Wool,high,Reusable
8.962345162739055,21.88367553162121,0.15776744543897447,0.047834090488427315,27,177,93,Red,0,0,0,0,Cotton,high,Reusable
22.238433423322263,12.961624765232774,0.44169987271411604,0.5895296636071972,141,3,54,Black,1,0,1,1,Wool,low,Hazardous
29.532548965263203,22.690596851489516,0.8506650595349072,0.033079165903040914,157,7,235,Green,1,0,1,0,Cotton,medium,Repairable
2.0,28.575317487639417,0.0037266298461705693,0.4240119744064875,166,163,182,Grey,0,1,0,1,Polyester,medium,Upcyclable
11.624837956236185,0.5,0.1417480395811676,0.010525154591318855,184,9,45,Grey,0,0,0,0,Nylon,high,Reusable
22.61657701744432,33.90888877947077,0.17586801480526756,0.03580256658017545,132,115,30,Green,1,1,0,0,Polyester,high,Reusable
16.37563691165606,15.964943135827136,0.3393317795486878,0.026160524472180296,11,157,161,Brown,0,0,1,0,Cotton,medium,Repairable
20.96916698697047,25.105879198882764,0.073237837992062,0.02703272128030808,162,99,91,Pink,0,1,0,0,Polyester,high,Reusable
13.168118506273435,34.36696308374273,0.0006066493072653749,0.9166764956383379,168,15,73,Pink,0,1,0,1,Polyester,medium,Upcyclable
18.6927182997832,3.5399156332344077,0.18189476009164637,0.005515391090344483,62,157,195,Green,0,0,1,0,Cotton,medium,Repairable
16.754582116863364,11.48670797086944,0.06009267515357081,0.5329020689822057,169,63,160,Pink,0,0,0,1,Silk,medium,Upcyclable
27.34225649327846,16.537415649491543,0.011728788930531543,0.16628864873416185,124,107,55,Brown,1,0,0,1,Wool,medium,Upcyclable
20.035366746409704,10.59495774650686,0.0026510200380919463,0.32658379494587936,192,201,185,Red,0,0,0,1,Denim,high,Reusable
20.700821296601617,40.819238910041705,0.4410571204321854,0.07511503365863893,237,120,121,White,0,1,1,0,Polyester,medium,Repairable
14.704984271020262,9.718734874078487,0.22461020285321515,0.10111654098512321,192,138,56,Yellow,0,0,1,0,Silk,medium,Repairable
14.099150207420053,13.333438646157601,0.4045498404107347,0.8565613984024727,105,161,16,Green,0,0,1,1,Cotton,low,Recyclable
14.539534497443032,22.45266837923572,0.002197249554471423,0.10730255978163393,253,207,255,Yellow,0,0,0,0,Silk,high,Reusable
21.155617139026376,5.574205687086934,0.21303677948794972,0.009956037684065331,170,54,138,Beige,0,0,1,0,Cotton,medium,Repairable
14.632124153437896,15.251831458924833,0.20592535498477083,0.9541075218635825,187,82,198,Brown,0,0,1,1,Cotton,low,Recyclable
20.318198855171303,23.8094391350021,0.07691015783983071,0.7203128757981586,147,235,208,Yellow,0,0,0,1,Silk,medium,Upcyclable
34.60320638916351,16.005675147409864,0.07946691799299853,0.10706487252654229,97,3,219,Green,1,0,0,0,Cotton,high,Reusable
24.96899762745354,18.87935769320062,0.8042046918415514,0.017028887623336736,118,176,16,Red,1,0,1,0,Cotton,medium,Repairable
15.391811742657271,13.64801465061955,0.08835785708201424,0.2233182580959718,225,43,104,Pink,0,0,0,1,Silk,medium,Upcyclable
27.60971137731156,1.8263562898307981,0.7411282464543463,0.09619721775810315,190,158,137,Grey,1,0,1,0,Wool,medium,Repairable
14.735397015827589,23.859118536070863,0.06004827299867374,0.07214691898978874,118,47,153,Grey,0,0,0,0,Nylon,high,Reusable
2.0,41.0591968597669,0.08874346698033693,0.0927513068795656,151,98,133,Beige,0,1,0,0,Wool,high,Reusable
9.935309512660767,20.220819569401257,0.2262739367995582,0.783488798990907,219,97,80,Yellow,0,0,1,1,Silk,low,Recyclable
3.0336646317931546,22.703169406970595,0.0011374366759699776,0.40632938040061806,202,25,15,Black,0,0,0,1,Cotton,medium,Upcyclable
15.187892127669532,28.312673061402315,0.3948241084193355,0.41921110799170475,199,102,102,Green,0,1,1,1,Polyester,low,Recyclable
18.147347033516414,4.768034041439609,0.22122899642165594,0.18267638859974372,162,197,242,Black,0,0,1,1,Cotton,low,Hazardous
31.411498498202263,40.430175897555266,0.05770262121730927,0.15575830302431704,40,96,89,Green,1,1,0,1,Polyester,medium,Upcyclable
20.6154189901133,22.427945557073624,0.20902846619773394,0.0872661230633126,121,238,3,Green,0,0,1,0,Cotton,medium,Repairable
16.247195769529085,39.58228278906931,0.188431123278214,0.012705274190880009,15,218,61,Red,0,1,1,0,Wool,medium,Repairable
24.635244649467914,11.203604053712127,0.2612888273437099,0.14111547271844463,121,11,211,Beige,1,0,1,0,Linen,medium,Repairable
2.0,41.816743070693896,0.0805650313244272,0.5218924350648382,79,44,247,Grey,0,1,0,1,Polyester,medium,Upcyclable
19.884916464868528,29.3018659284174,0.9633957550581012,0.015209330389719816,105,135,191,Beige,0,1,1,0,Polyester,medium,Repairable
24.166921551095733,26.636481030228303,0.7674362594620413,0.10091853849812207,5,8,240,Beige,1,1,1,0,Polyester,medium,Repairable
6.171310033761268,22.808293452237777,0.10289852196716638,0.1340544027816668,19,0,55,Blue,0,0,0,0,Nylon,high,Reusable
27.150032345655433,17.017656583106607,0.08001663266564685,0.3664830183707592,183,132,232,Green,1,0,0,1,Cotton,medium,Upcyclable
20.707971259955315,34.40637990168647,0.48731066537001366,0.5060566746846601,243,70,202,Black,0,1,1,1,Polyester,low,Hazardous
14.67769668879359,21.684318438176565,0.493390343100111,0.7602997993389862,243,209,150,Red,0,0,1,1,Cotton,low,Recyclable
23.06225492885028,0.5,0.1259261191605748,0.12807871267317858,202,53,32,Brown,1,0,0,0,Wool,high,Reusable
36.16554286243517,6.593762459515972,0.042539638432498424,0.30212394519086694,135,103,30,Green,1,0,0,1,Cotton,medium,Upcyclable
19.45493004046796,17.76985097368703,0.45088723254128144,0.38263943675492046,211,151,134,White,0,0,1,1,Silk,low,Recyclable
19.98576469040269,23.71998779798666,0.46986375320854984,0.038513731251255325,223,153,213,Green,0,0,1,0,Cotton,high,Reusable
14.325112803678048,19.32093813320125,0.12230145328635386,0.00043821510695305063,96,9,132,Grey,0,0,0,0,Nylon,high,Reusable
11.201245044281666,34.62764947752396,0.1169189986220615,0.2552874155544905,5,188,164,Black,0,1,0,1,Silk,medium,Upcyclable
24.642686532353963,0.5,0.04772046828492599,0.16982057853921148,219,39,0,Pink,1,0,0,1,Cotton,medium,Upcyclable
11.151329392729062,21.72305523806192,0.6837067762711803,0.05546941390259718,7,43,197,Pink,0,0,1,0,Silk,medium,Repairable
18.57252989775514,0.5,0.6644789369362408,0.363867171981369,189,111,44,Grey,0,0,1,1,Cotton,low,Hazardous
14.178740425879067,29.116547545810022,0.17443945096497915,0.6677142050576926,13,11,46,Green,0,1,0,1,Polyester,medium,Upcyclable
21.831838605971136,18.866495426695966,0.11784835942356861,0.10053498968035958,130,245,195,Green,0,0,0,0,Cotton,high,Reusable
20.669296842295587,25.035319664289418,0.05063979861696456,0.7475383489670865,129,21,221,Brown,0,1,0,1,Polyester,medium,Upcyclable
26.300319554063194,9.633404472922807,0.5869201196630843,0.11950578191213965,21,154,29,Grey,1,0,1,0,Wool,medium,Repairable
13.919868809162024,35.35357917989302,0.03743397908957838,0.07961204537330396,224,194,80,Green,0,1,0,0,Polyester,high,Reusable
15.841000517653029,32.50069596870622,0.03585697177588187,0.3403753008802364,234,81,187,Black,0,1,0,1,Polyester,low,Hazardous
10.16989027374154,27.002531636142653,0.08714289882845183,0.012825470054453917,84,196,247,Pink,0,1,0,0,Silk,high,Reusable
14.445653919391107,18.445793037638712,0.35521155917531316,0.13299955513797446,197,141,23,White,0,0,1,0,Denim,medium,Repairable
21.018403944358816,26.958287423541584,0.07747786169460792,0.18847266744844843,231,152,30,Green,0,1,0,1,Polyester,medium,Upcyclable
24.055908933162815,11.517289184151814,0.311418707589931,0.010213141563014467,198,51,27,Beige,1,0,1,0,Linen,medium,Repairable
10.622677406578998,30.266667908248543,0.01176534026447685,0.12082337452386271,133,222,172,Yellow,0,1,0,0,Polyester,high,Reusable
24.95684736084528,39.79377073188705,0.42914924214833466,0.004532952477822948,177,212,234,Pink,1,1,1,0,Polyester,medium,Repairable
28.845102870439607,32.847326719750235,0.24864766185939935,0.3132901993663448,43,111,131,Blue,1,1,1,1,Denim,low,Recyclable
21.307479225789606,11.244770362311087,0.8288558484409924,0.036894747185182986,7,117,188,Grey,0,0,1,0,Nylon,medium,Repairable
33.014366500464526,24.337007807277235,0.3869672199828271,0.8769433601154845,23,58,38,Brown,1,0,1,1,Wool,low,Recyclable
11.809686407171416,4.482301474896227,0.11548454044824401,0.38248424510929174,26,37,82,Beige,0,0,0,1,Cotton,medium,Upcyclable
8.042762373508664,26.86868373410811,0.36236925195310793,0.017031019430221967,180,239,151,Grey,0,1,1,0,Polyester,medium,Repairable
3.770238008765771,25.407240954350467,0.7566450819462562,0.010794745924182532,50,19,70,Green,0,1,1,0,Polyester,medium,Repairable
29.968354491913466,0.5,0.12124018785421738,0.09359165997728117,155,77,173,Green,1,0,0,0,Cotton,high,Recyclable
23.23492525083246,6.058593873051635,0.8331179860281737,0.16338736481502458,186,19,180,Green,1,0,1,1,Cotton,low,Recyclable
17.555322632716358,16.602333239074795,0.04199743914757278,0.08688061079742114,247,183,175,Pink,0,0,0,0,Silk,high,Reusable
20.239749010558562,16.389683034310085,0.2050264053453809,0.10430524970885892,68,100,244,Yellow,0,0,1,0,Silk,medium,Repairable
8.996087621612988,5.4862767749743355,0.046461031907440296,0.9309477922701693,210,109,8,Red,0,0,0,1,Cotton,medium,Upcyclable
37.56601583693461,24.667744752226206,0.24805530034769252,0.7509239982431993,200,29,21,White,1,0,1,1,Linen,low,Recyclable
19.03376945580182,23.017683307286145,0.05966264104644787,0.32809006260098283,24,106,126,Grey,0,0,0,1,Nylon,medium,Upcyclable
18.875158356839144,17.668770416257768,0.7470641222427027,0.4193606399763048,43,244,245,Blue,0,0,1,1,Nylon,medium,Upcyclable
23.806132991189536,10.930501998099645,0.7642564688374722,0.009805837358276547,174,40,1,Beige,1,0,1,0,Linen,medium,Repairable
21.848073853893705,32.58448551699876,0.03455654449054626,0.12206700137867309,118,83,90,Yellow,0,1,0,0,Polyester,high,Repairable
19.791072194233053,39.86488535705954,5.453535277138739e-05,0.0013995418971742412,108,70,15,Pink,0,1,0,0,Polyester,high,Reusable
11.676204356437506,14.197262193841555,0.00474938382768655,0.0261233689456848,119,62,4,Yellow,0,0,0,0,Silk,high,Reusable
21.771746857087965,12.653996994142151,1.0928874792722896e-09,0.15986445721235062,12,196,139,Black,0,0,0,1,Cotton,medium,Upcyclable
33.05619597180027,25.894491984943954,0.5176458775450862,0.14567241977982343,180,94,179,Brown,1,1,1,0,Wool,medium,Repairable
28.76336036923982,15.703647443036164,0.04229275177760341,0.4740353260617182,52,28,153,Green,1,0,0,1,Cotton,high,Reusable
30.745493013115176,18.32723359204119,0.1330697595458692,0.013461228659021723,36,206,14,Red,1,0,0,0,Cotton,high,Reusable
13.910274588550518,28.875837820696056,0.03149563793361843,0.07252872532888076,190,216,66,Brown,0,1,0,0,Polyester,high,Reusable
10.083161437931352,0.5,0.46370216975806083,0.20086144081609655,193,76,72,Red,0,0,1,1,Cotton,low,Recyclable
16.993704639202814,35.81962789823203,0.12934206199845527,0.06574486465734442,114,171,186,Grey,0,1,0,0,Polyester,high,Reusable
18.445799298309556,20.872166291952094,0.04417158245195168,0.03063536937685449,39,215,91,Brown,0,0,0,0,Cotton,high,Reusable
26.753532147767586,15.062082265253837,0.026152237187548902,0.00744813057388467,77,78,166,Blue,1,0,0,0,Denim,high,Reusable
4.460282962281445,18.929190149342613,0.121021766284802,0.0030565445434086198,188,215,62,Black,0,0,0,0,Cotton,high,Reusable
30.23640255568491,19.549152260246224,0.33213841148708206,0.03478404254320122,94,249,99,Beige,1,0,1,0,Linen,medium,Repairable
16.735936811368084,0.5,0.28730911770919193,0.029851105153314367,133,217,24,Green,0,0,1,0,Cotton,medium,Repairable
14.584951440420639,37.93925872943883,0.0036936717819697853,0.0013592229444679943,24,82,40,White,0,1,0,0,Polyester,high,Reusable
9.90316499791866,20.495907587247423,0.23121553113393495,0.02742071919703515,102,56,27,Black,0,0,1,0,Cotton,medium,Repairable
4.761146625073845,25.316025565368502,0.3181202441671182,0.4262469977650183,45,151,110,Blue,0,1,1,1,Polyester,low,Recyclable
24.585364671695316,31.418597246888513,0.5435753423904471,0.08571930239828894,158,146,246,Red,1,1,1,0,Polyester,medium,Repairable
18.58654373750723,7.746050509276397,0.17288711789931266,0.03599201960770463,101,233,20,Brown,0,0,0,0,Cotton,high,Reusable
7.680312802071569,25.68166278842274,0.5349904061196429,0.1235351156620848,207,16,220,Pink,0,1,1,0,Polyester,medium,Repairable
7.639369823491071,16.788306909214477,0.002055382667824195,0.034668870023768415,190,111,216,Green,0,0,0,0,Cotton,medium,Hazardous
15.313722405678973,30.161249302597923,0.2632665146590619,0.19996997388384802,90,196,221,Red,0,1,1,1,Polyester,low,Recyclable
31.352172202315145,0.5,0.3266137671293819,0.4175835076791621,93,188,60,Red,1,0,1,1,Cotton,low,Recyclable
15.923269189091162,18.810868397104773,0.0713116733006341,0.05182373349166017,67,131,102,Pink,0,0,0,0,Silk,high,Reusable
5.97485637505515,12.766152130592461,0.5591993298068375,0.514220151159275,38,247,184,Grey,0,0,1,1,Nylon,low,Hazardous
16.034055487312447,25.187155407609865,0.6869199062081344,0.2739741051633117,79,149,138,Grey,0,1,1,1,Polyester,low,Hazardous
15.818211442018637,25.640530248418425,0.07888596212085298,0.7018756306856382,163,201,146,Pink,0,1,0,1,Silk,medium,Upcyclable
2.0,11.508489262135686,0.2453876351388337,0.9850005453486732,134,212,74,Yellow,0,0,1,1,Silk,low,Recyclable
17.565641067857502,11.453913629887477,0.2257184385051859,0.03624936962547848,84,216,216,Pink,0,0,1,0,Silk,medium,Repairable
16.152523758330577,18.672015577312045,0.3908589149769824,0.003607975978654921,65,5,0,Green,0,0,1,0,Cotton,medium,Repairable
23.569650918507346,9.240293272217503,0.059719247157496304,0.062169271322037964,54,157,159,Grey,1,0,0,0,Wool,high,Reusable
32.79164875956276,30.103804345425523,0.3213599317257563,0.08969968601048714,71,92,212,Grey,1,1,1,0,Wool,medium,Repairable
27.01252023638206,15.569513594630646,0.43192298103445703,0.14971088703271418,41,74,108,Yellow,1,0,1,0,Cotton,medium,Repairable
15.848890475561355,0.5,0.23250905329648497,0.5271401799746243,154,138,76,Red,0,0,1,1,Cotton,low,Hazardous
9.147792730066637,15.502135320538326,0.38053931426900556,0.4824107929013698,129,250,161,Pink,0,0,1,1,Silk,low,Recyclable
38.58687842599888,7.537474149872331,0.43334651968739385,0.07087643154339923,69,47,16,Beige,1,0,1,0,Linen,medium,Repairable
18.473747472115907,0.5,0.6263308108446128,0.010027580214112245,131,45,253,Green,0,0,1,0,Cotton,medium,Repairable
18.11143433530357,5.150880341329131,0.25906024428518276,0.333880357359909,20,154,242,Blue,0,0,1,1,Nylon,low,Recyclable
17.806999303119973,21.31290166199564,0.12639138337147737,0.010686229724930862,0,146,182,Brown,0,0,0,0,Cotton,high,Reusable
19.58467808614284,35.94368993897878,0.9086665160400021,0.4017472193168116,165,85,110,Black,0,1,1,1,Polyester,low,Hazardous
16.84511670460846,23.75821368637976,0.44169358587210605,0.11990669214446342,59,91,18,Red,0,0,1,0,Cotton,medium,Repairable
13.41070394495811,12.721959341411123,0.1462179388450534,0.47878362436888405,75,58,73,Brown,0,0,0,1,Cotton,medium,Upcyclable
13.625128470076863,25.470850342048433,0.0016121004162552913,0.000624992110456476,90,123,169,Blue,0,1,0,0,Polyester,high,Reusable
17.737973838272012,14.490916277372099,0.32699541089238154,0.6760274169522688,141,195,58,Grey,0,0,1,1,Wool,low,Hazardous
13.65260183092988,11.664795570042266,0.08734476538786023,0.0038950800000682397,206,228,200,White,0,0,0,0,Silk,high,Repairable
12.297233738582685,6.147647981204187,0.00015179221370670916,0.35975643150780084,87,181,114,Grey,0,0,0,1,Nylon,medium,Upcyclable
18.851441821535175,0.5,0.8385909866244314,0.0980056795165431,81,248,202,Pink,0,0,1,0,Silk,medium,Repairable
15.960182260633157,15.320915521286656,0.08215676094780731,0.8632378644903211,16,82,37,Red,0,0,0,1,Cotton,medium,Upcyclable
30.03194390866151,21.89664187904158,0.022225416703540272,0.29401803680774624,72,144,30,Beige,1,0,0,1,Linen,medium,Upcyclable
2.0,18.840515959821325,0.02781355587610582,0.4378884253473107,174,49,193,Beige,0,0,0,1,Cotton,medium,Upcyclable
26.732054815379694,15.008396864631695,0.07947928731715176,0.07661736076062596,209,167,215,Grey,1,0,0,0,Wool,high,Reusable
27.968681539981034,8.651047271638626,0.03885648099720511,0.5016395578440501,55,99,105,Pink,1,0,0,1,Cotton,medium,Upcyclable
2.0,27.29895430021962,0.5482606792885191,0.3788216457263717,126,86,110,Black,0,1,1,1,Polyester,low,Hazardous
15.25849924735721,4.1944169606409805,0.5988953023581334,0.005661770028813777,52,113,196,Brown,0,0,1,0,Cotton,medium,Repairable
15.028473072033668,29.312334966121703,0.6160869823149815,0.07635318510956644,127,219,49,Grey,0,1,1,0,Polyester,medium,Repairable
6.73990644225743,7.973395772879304,0.6289305310170651,0.4056496926190991,145,138,125,Yellow,0,0,1,1,Silk,low,Recyclable
11.777466499272997,10.970777151763581,0.08253255018238147,0.1788624268362582,196,121,157,Grey,0,0,0,1,Nylon,medium,Upcyclable
9.11539323627337,2.398577712611875,0.35120042710524174,0.5976905568822128,47,13,102,Beige,0,0,1,1,Wool,low,Recyclable
32.01816354738898,13.98317423737236,0.19114372314039288,0.048646256680486076,136,12,162,Pink,1,0,1,0,Cotton,medium,Compostable
25.48542714517969,31.703749501735746,0.07471212980253218,0.033296279710030734,53,87,253,White,1,1,0,0,Polyester,high,Reusable
28.17244075995327,26.187537061327475,0.31321861618502256,0.0033267191501470173,162,249,244,Grey,1,1,1,0,Wool,medium,Repairable
23.77337651234588,31.74106534433642,0.40695870673118306,0.7344672121673643,235,79,58,Yellow,1,1,1,1,Polyester,low,Recyclable
8.967585830262166,26.265710551207228,0.05280434378223617,0.1459513448701171,247,155,120,Grey,0,1,0,0,Polyester,high,Reusable
13.80383786976181,6.7559620576355695,0.04935708534013708,0.06713931509731982,173,221,239,Green,0,0,0,0,Cotton,medium,Upcyclable
21.914996489823345,16.030529308069312,0.8676109830066443,0.059002315857344334,0,171,144,Pink,0,0,1,0,Silk,medium,Repairable
8.222977528864437,10.637610450590447,0.08966908636302688,0.021604091726441673,40,232,94,White,0,0,0,0,Silk,high,Reusable
23.703987441379105,35.96689884846848,0.6518996299614485,0.4925992527415971,72,62,193,Brown,1,1,1,1,Wool,low,Recyclable
16.077396814734918,5.6385362428842605,0.003648426168632573,0.7775262197079904,159,102,207,Grey,0,0,0,1,Nylon,medium,Upcyclable
15.00143353960322,30.72437227266933,0.3161296276983238,0.3525233675900966,211,105,148,Red,0,1,1,1,Polyester,low,Recyclable
23.687679745627932,30.715446441305232,0.10900617201678858,0.07923131674704732,76,188,93,Pink,1,1,0,0,Polyester,high,Reusable
21.55410649188832,41.955442420593045,0.23294472346715028,0.10422682839428805,39,218,51,Red,0,1,1,0,Linen,medium,Repairable
15.11227067344736,15.083760888446031,0.17411770197638296,0.49034637245577134,138,16,192,Green,0,0,0,1,Linen,medium,Upcyclable
27.274638426913985,28.547865914961946,0.04646283561341119,0.06177321182590945,189,49,141,Pink,1,1,0,0,Polyester,high,Reusable
9.351493379200821,47.379822038466116,0.09804176964038883,0.7667428682974134,173,248,15,White,0,1,0,1,Denim,medium,Upcyclable
22.92748485555411,12.58829987679564,0.5774439326585002,0.26163856012278314,47,153,54,White,1,0,1,1,Linen,low,Recyclable
22.74481006374707,1.579517029611683,0.6858793369124756,0.05336106454430163,42,134,136,White,1,0,1,0,Linen,medium,Repairable
15.523628485488079,0.5,0.19886594706059796,0.24515426524329462,178,122,240,Brown,0,0,1,1,Cotton,low,Recyclable
20.609064177936943,28.552544346335978,0.0016676295450022219,0.07706722278465321,188,226,135,Blue,0,1,0,0,Polyester,high,Reusable
7.991091388917576,0.5,0.38748673467488826,0.015593515806638081,245,78,200,Pink,0,0,1,0,Silk,medium,Repairable
25.39221615365521,15.532171364744926,0.01071972785612864,0.43321099646751066,41,15,161,White,1,0,0,1,Linen,medium,Upcyclable
16.520782908456088,25.247758244467526,0.6988955867862214,0.29546274481907714,153,212,108,Grey,0,1,1,1,Polyester,low,Hazardous
13.818215835847685,22.222106441958967,0.2766401382831679,0.007227253599972398,103,16,160,Red,0,0,1,0,Cotton,medium,Repairable
26.392073806695116,25.105338370210067,0.4725785460532864,0.23882510060146403,10,236,213,Yellow,1,1,1,1,Denim,low,Recyclable
12.365250475657927,22.66747826961025,0.7600985892003882,0.19767398187650648,24,89,93,Green,0,0,1,1,Cotton,low,Recyclable
6.732309629091523,35.34638975976072,0.8363948779766549,0.029619030767346382,39,162,6,White,0,1,1,0,Denim,medium,Repairable
5.54696661180877,8.572203431134437,0.021673442865786565,0.06235256276111302,24,250,209,Grey,0,0,0,0,Nylon,high,Reusable
22.84807961076512,11.876058338497625,0.6821088056261098,0.3754085990419139,83,83,148,Grey,1,0,1,1,Wool,low,Hazardous
7.756565180029735,10.728086656750111,0.08394991710382643,0.3935219430597675,105,83,255,White,0,0,0,1,Silk,medium,Upcyclable
32.03835345587492,29.962301742351322,0.7574109078591713,0.07904074986723243,240,150,132,White,1,1,1,0,Polyester,medium,Repairable
2.0,30.804783060740764,0.5579143271091354,0.044084398976325906,118,196,198,Brown,0,1,1,0,Polyester,medium,Repairable
31.571650946320304,25.4147038318221,0.35488787453293574,0.04968537592504969,202,8,139,Grey,1,1,1,0,Wool,medium,Repairable
19.688139737620947,34.201924002679135,0.00012332953732166818,0.027627648119939886,107,214,186,Yellow,0,1,0,0,Polyester,high,Reusable
17.22629510503686,5.863509591483432,0.24810832073302994,0.29715037612827255,73,17,80,Grey,0,0,1,1,Nylon,low,Hazardous
13.640647305528402,40.00668933861364,0.5145023869598722,0.31587491479901475,179,220,185,Yellow,0,1,1,1,Polyester,low,Recyclable
21.193088914816567,38.2788634605471,0.02598300007983395,0.023068745559692752,112,74,87,Brown,0,1,0,0,Polyester,high,Reusable
17.698922380601214,28.82746396694896,0.4885457503040323,0.011664555456762904,130,234,164,Blue,0,1,1,0,Polyester,medium,Repairable
26.82641505613217,41.38158690525272,0.7955575396640644,0.5363141839795882,38,175,107,Red,1,1,1,1,Denim,low,Recyclable
18.913821189296318,0.5,0.016113481994319858,0.005864018034612078,90,71,82,Yellow,0,0,0,0,Silk,high,Reusable
19.202414091695022,13.706622364848178,0.06807665858338949,0.0654524225108099,162,90,44,Blue,0,0,0,0,Nylon,high,Reusable
15.091102302289153,11.176358471816572,0.3214446846541729,0.2496851060993203,240,65,79,Beige,0,0,1,1,Cotton,low,Recyclable
17.54443501023146,28.657751885088118,0.3895058290204817,0.03808074908104165,246,22,252,Beige,0,1,1,0,Polyester,medium,Repairable
20.462414151136475,7.398311124774253,0.419298973360912,0.4850556563585047,167,212,24,Brown,0,0,1,1,Cotton,low,Recyclable
4.3186528587469954,29.089941792049828,0.0671944333571654,0.0027982026575719826,222,137,26,Pink,0,1,0,0,Polyester,high,Reusable
7.214516623154296,36.44643372796056,0.7480869117663483,0.02977430280840178,212,37,50,Blue,0,1,1,0,Polyester,medium,Repairable
23.94611275218172,28.34243480100799,0.0009344307359273087,0.36661504960354113,21,127,118,Blue,1,1,0,1,Nylon,medium,Upcyclable
19.366923505023536,23.405012283938014,0.0008844042448767669,0.42465031125361336,189,58,169,Green,0,0,0,1,Cotton,medium,Upcyclable
16.528133309178568,8.145519909191009,0.2118714783351899,0.015240156253895026,18,67,107,Black,0,0,1,0,Cotton,medium,Compostable
18.147471464523147,9.837788406495624,0.7417215053940862,0.3625725765477373,13,84,198,Brown,0,0,1,1,Cotton,low,Recyclable
20.78065364289337,34.99542686356,0.00045387100812609843,0.8562677077844166,228,251,237,Beige,0,1,0,1,Linen,medium,Upcyclable
13.681922557525109,29.352188046863986,0.44501920383176335,0.12400370805480715,242,228,169,Beige,0,1,1,0,Polyester,medium,Upcyclable
11.773562196781498,19.53176576746947,0.7580834235393891,0.013970919648111254,108,118,59,Grey,0,0,1,0,Nylon,medium,Repairable
19.56676204078145,14.985085450809313,0.040150928859200324,0.00015254599207608613,177,170,71,Green,0,0,0,0,Cotton,high,Reusable
10.173017779079743,0.5,0.5450026147785576,0.7859492604628286,189,11,206,White,0,0,1,1,Silk,low,Recyclable
21.266022045715776,7.149770975786733,0.31051464679112545,0.5433315010800991,214,111,185,Red,0,0,1,1,Cotton,low,Recyclable
4.379331166097277,42.93702904567668,3.18055112882581e-06,0.24100900212619916,217,115,79,Grey,0,1,0,1,Polyester,medium,Upcyclable
26.23324509860515,4.634533147970398,0.9533236531493628,0.32475945429008896,42,180,71,Green,1,0,1,1,Cotton,low,Recyclable
21.780779859304346,22.273757854652967,0.2916343814262412,0.13357736765269973,54,237,227,Beige,0,0,1,0,Cotton,medium,Repairable
20.048237874511006,32.089327678342386,0.5774984278127979,0.0030439568432525294,235,141,95,Green,0,1,1,0,Polyester,medium,Repairable
25.86152787156411,4.94092798397249,0.4626164678639959,0.14045436585345067,167,51,125,Pink,1,0,1,0,Nylon,medium,Repairable
31.323795555700613,22.216525697373,0.008431680607932156,0.48939395145896075,11,83,208,Red,1,0,0,1,Cotton,medium,Upcyclable
26.114960520145043,31.25498645012786,0.10068651459059125,0.019170633350678562,192,110,227,White,1,1,0,0,Polyester,high,Reusable
3.2730061493468376,20.149991862887003,9.487741355563229e-05,0.02273575611603899,241,199,149,Black,0,0,0,0,Cotton,high,Reusable
7.763384266114388,54.42083666800122,5.088183218377408e-05,0.1635265786002593,161,218,95,Brown,0,1,0,1,Polyester,medium,Upcyclable
13.00145137843457,0.5,0.18735776544833568,0.7716173787694898,107,228,185,Blue,0,0,1,1,Linen,low,Recyclable
18.20872840168667,32.704742358606545,0.002481076066287219,0.11740427026808915,82,60,138,Pink,0,1,0,0,Polyester,high,Reusable
22.141272163752983,17.92637915124243,0.47315955876142224,0.992301176637992,22,168,108,Blue,1,0,1,1,Denim,low,Recyclable
12.194049494772276,29.2630418580401,0.03629467042168513,0.39345330986876964,198,20,5,Green,0,1,0,1,Polyester,medium,Upcyclable
19.494134115816628,25.29568582039095,0.08316624287446665,0.10932368445538755,134,175,21,Red,0,1,0,0,Polyester,high,Reusable
11.95693654117342,11.20212563468004,0.4262339067364432,0.058773902288553795,192,55,205,Grey,0,0,1,0,Nylon,medium,Repairable
13.107857576064415,22.74795670951208,0.470150411437583,0.13772806033841886,145,34,219,Yellow,0,0,1,0,Silk,medium,Repairable
6.746711225214222,0.5,0.05150886750972402,0.191178300649888,135,43,102,Blue,0,0,0,1,Nylon,medium,Upcyclable
10.614134031112766,27.238970006856725,0.4318226555365012,0.0618093629258846,88,38,11,Brown,0,1,1,0,Polyester,medium,Repairable
7.186523155069331,23.57790159188631,0.27465171905631447,0.13232556556917566,41,240,26,Beige,0,0,1,0,Cotton,medium,Repairable
10.193013976181337,27.663922023717227,0.056503501455011276,0.0010418894076824686,92,142,128,Grey,0,1,0,0,Polyester,high,Reusable
26.429134372862716,32.697419901045805,0.5000033244150401,0.7678100536135518,214,238,191,Grey,1,1,1,1,Wool,low,Hazardous
10.404808889344455,24.411438082516533,0.03769139010350213,0.3340412334958112,92,139,201,Yellow,0,0,0,1,Silk,high,Reusable
39.05905651869912,21.777073037579314,0.12901480472840288,0.156727978345326,0,116,224,Green,1,0,0,1,Cotton,medium,Upcyclable
21.946543207047114,9.427179960064493,0.2389052165524938,0.04566945545054463,78,225,79,Green,0,0,1,0,Cotton,medium,Repairable
19.47868898955899,11.453350836211388,0.8795939147644248,0.8292869375378628,142,7,166,Beige,0,0,1,1,Cotton,low,Recyclable
11.13313775855029,34.24081544212797,0.020727387563308663,0.4510427950612151,155,123,59,Blue,0,1,0,1,Polyester,medium,Upcyclable
23.60247903527193,37.236024868471745,0.12678191882505968,0.35316829245946113,163,245,115,Brown,1,1,0,1,Wool,medium,Upcyclable
13.394897390097809,17.14267476425535,0.20332057728943606,0.048781017800555826,105,100,69,White,0,0,1,0,Silk,medium,Repairable
18.976078517162893,20.55203296703929,0.1599197537970874,0.1661342937512874,231,221,181,Black,0,0,0,1,Cotton,medium,Upcyclable
38.48067630615036,9.144627500074808,0.36198773325539135,0.008898799663670154,223,66,152,Grey,1,0,1,0,Wool,medium,Repairable
17.2315208022028,34.073082143209334,0.08443351586590248,0.10510737278113877,45,93,241,Red,0,1,0,0,Polyester,high,Reusable
27.194186610285406,27.985001884301344,0.24462619880351277,0.24659797007894088,204,92,147,Pink,1,1,1,1,Polyester,low,Recyclable
12.3745885989929,43.29460923756499,0.2603543135822616,0.0011957546454915643,20,128,35,White,0,1,1,0,Polyester,medium,Repairable
17.720092076024308,9.460123073843134,0.3452239187403436,0.43533845612230254,176,253,150,Pink,0,0,1,1,Silk,low,Recyclable
32.16640508508408,15.463905211781395,0.836981109278987,0.30937511014117874,166,79,207,Green,1,0,1,1,Cotton,low,Recyclable
12.98426353769786,22.777351070306867,0.034453079982857335,0.23594356735054678,37,41,128,Yellow,0,0,0,1,Silk,high,Reusable
32.49958846397543,27.75787445270925,0.12164690053309496,0.4262129107648356,8,30,244,Beige,1,1,0,1,Polyester,medium,Upcyclable
23.662015483643803,17.411988349428412,0.09086249749886387,0.2138426018988439,19,121,221,Beige,1,0,0,1,Linen,medium,Upcyclable
13.500265792845859,9.524466914555596,0.08570984616073007,0.1123157568796555,83,73,154,White,0,0,0,0,Silk,high,Reusable
23.059261912444168,30.576890347082852,0.3404259418032076,0.019866790643815357,7,157,51,Blue,1,1,1,0,Denim,medium,Repairable
25.780435597013838,28.65362435054698,0.04342990458242881,0.18939993593109722,13,42,129,Beige,1,1,0,1,Polyester,medium,Recyclable
22.97447969773757,9.0047107932353,0.3015001589137087,0.10261425666091575,61,25,239,Green,1,0,1,0,Cotton,medium,Repairable
5.438202240876349,36.265313613265945,0.3587102432969088,0.18226220426459525,211,11,148,Pink,0,1,1,1,Polyester,low,Recyclable
12.182902593401051,34.04238451035924,0.2507703961848623,0.03580541116273501,162,126,136,Red,0,1,1,0,Polyester,medium,Repairable
16.019850915587963,21.611557966973514,0.013955196555462,0.012184579922712714,54,103,110,Red,0,0,0,0,Cotton,high,Reusable
17.40453256719963,20.955174348512436,0.29941566051446306,0.00029983183727592976,44,186,87,Black,0,0,1,0,Cotton,medium,Repairable
22.965376780405425,26.648693253390885,0.01346206892309824,0.1734440618204995,148,68,47,Black,1,1,0,1,Wool,medium,Upcyclable
19.42160800746603,9.659563156924902,0.6482911188017991,0.09101385283689425,232,72,104,Brown,0,0,1,0,Cotton,medium,Repairable
7.31724513031919,20.360377749968986,0.24955110371390787,0.0012403507829597334,52,10,166,White,0,0,1,0,Silk,medium,Repairable
21.041582808047707,0.5,0.3784637789936619,0.981252169811952,232,46,41,Pink,0,0,1,1,Silk,low,Recyclable
22.884685962270584,30.517467746035226,0.00038491019581027037,0.0003523650657396711,181,22,198,Blue,1,1,0,0,Denim,high,Reusable
22.47832358344832,1.2620813306976864,0.13526248398228632,0.020328757218362633,85,80,253,Black,1,0,0,0,Wool,high,Reusable
26.646245804436973,38.04103794114799,0.5580062961638546,0.30889076484072925,170,170,93,Grey,1,1,1,1,Wool,low,Hazardous
24.671377236391233,16.038558872402596,0.16889257575482802,0.706706270696746,254,76,44,Beige,1,0,0,1,Linen,medium,Upcyclable
21.673440633827493,17.45999621682588,0.11744063622700374,0.013255965813461263,5,208,129,Blue,0,0,0,0,Nylon,high,Reusable
17.438674308330825,12.467193126985933,0.061456961850838765,0.009068367675299635,182,214,203,Black,0,0,0,0,Cotton,high,Reusable
4.712312531872069,16.543533512935085,0.48697974641642205,0.36904476799838487,43,122,204,Pink,0,0,1,1,Silk,low,Recyclable
21.436945753060687,37.02237614177644,0.7116845156056162,0.25067031674989587,90,166,194,Blue,0,1,1,1,Polyester,low,Recyclable
19.66150149730489,0.5,0.05820594402362716,0.2282925958733343,195,72,170,Blue,0,0,0,1,Nylon,medium,Upcyclable
20.172630697562987,35.32358463305825,0.2802893983924663,0.4883434363204669,3,209,249,Pink,0,1,1,1,Polyester,low,Recyclable
7.786011393437525,24.056281773220498,0.06697658104365,0.4755138501926012,120,54,103,Black,0,0,0,1,Cotton,medium,Upcyclable
9.351547676733901,5.515740225713413,0.26806588441912776,0.5238424721835268,62,17,106,Pink,0,0,1,1,Silk,low,Recyclable
26.42522282666323,7.096251283409146,0.4854134372060219,0.01472091328619279,91,93,145,Yellow,1,0,1,0,Cotton,medium,Repairable
17.68355876914676,40.116716326498434,0.1339173086595382,0.0007977227658468216,246,169,38,Yellow,0,1,0,0,Polyester,high,Reusable
23.452005578980994,8.653917440687225,0.15259111126746755,0.3613872258891294,218,235,235,Red,1,0,0,1,Cotton,medium,Upcyclable
18.22654700904369,6.159793872848487,0.45695336893605865,0.4637807534959414,185,153,133,Red,0,0,1,1,Cotton,low,Recyclable
18.23804911596596,33.647774508376756,0.7198126731496158,0.08929945688844783,181,17,251,Pink,0,1,1,0,Polyester,medium,Repairable
25.50627044780798,24.06263451543097,0.04700328926870269,0.0989318087665211,80,212,169,Red,1,0,0,0,Cotton,high,Reusable
13.871642174261009,8.744893081563214,0.17203524149933466,0.6028388161366423,230,127,179,Black,0,0,0,1,Cotton,medium,Upcyclable
18.76896621552787,22.59949970485543,0.6321083464905507,0.0086302679549866,37,232,26,Red,0,0,1,0,Cotton,medium,Repairable
14.30179769035966,7.690967796316674,0.35864410927009255,0.055413929823000245,187,40,206,White,0,0,1,0,Silk,medium,Repairable
14.524030180541475,33.20985678107127,0.005092277763574172,0.0006080994320283179,51,169,243,White,0,1,0,0,Polyester,high,Hazardous
15.526623012250885,32.7364515784776,0.025222504063565864,0.26849185602884806,156,32,142,Black,0,1,0,1,Polyester,medium,Upcyclable
19.777070173069703,26.384074385863318,9.001208913063467e-07,0.00011627875173844202,167,42,18,Beige,0,1,0,0,Polyester,high,Reusable
14.170011026692181,24.3399327349642,0.047900331354728244,0.08094785023717734,198,13,189,White,0,0,0,0,Silk,high,Reusable
28.046049004588166,41.13425749840849,0.7412201891890687,0.49808733164062385,7,182,63,Yellow,1,1,1,1,Polyester,low,Recyclable
10.84314158224397,19.996235928658702,0.0009450738223879843,0.0011905701348739277,104,57,229,Pink,0,0,0,0,Silk,high,Reusable
16.50502684670913,5.817510494950387,0.007655081224826882,0.20407980047325072,224,253,50,Yellow,0,0,0,1,Silk,medium,Upcyclable
14.4821515338066,25.393686953987682,0.41750590937796994,0.01547998980383233,223,137,174,Black,0,1,1,0,Polyester,medium,Repairable
29.575823074829863,45.03256459444536,0.32533527339303975,0.1877979688386014,162,27,56,Red,1,1,1,1,Polyester,low,Recyclable
19.572438212092596,7.822886081769774,0.5910775559289243,0.5173026004154946,209,13,19,Red,0,0,1,1,Cotton,low,Recyclable
26.254756315749077,15.662446799672171,0.0016836434438482297,0.027483833227032392,114,210,19,White,1,0,0,0,Linen,high,Reusable
6.115517015704224,24.99735245721743,0.01278574528282887,0.2955021066844554,122,153,81,Green,0,0,0,1,Cotton,medium,Upcyclable
20.13640212695407,19.35314181193113,0.15038648632675797,0.05155678627737586,234,73,191,Brown,0,0,0,0,Cotton,high,Reusable
25.117046364987495,8.212357035472225,0.17923525196223097,0.02548248952163918,15,144,225,Red,1,0,0,0,Cotton,high,Reusable
18.658271914203393,33.462294274765654,0.9059508064437943,0.0008944152942083691,17,161,230,Beige,0,1,1,0,Polyester,medium,Repairable
26.52384300052281,47.840488664207115,0.10938074455996466,0.24186138724968573,186,245,100,Brown,1,1,0,1,Wool,medium,Upcyclable
13.861692399197022,22.35357750828689,0.2873396290712691,0.01261945768611604,229,13,226,Yellow,0,0,1,0,Silk,medium,Repairable
29.27477952148464,9.151180523167996,0.11602934827512254,0.01436272168928207,216,153,37,White,1,0,0,0,Linen,high,Reusable
36.391184988954,1.4124736993583014,0.0017594543641218617,0.7658615186386898,33,241,37,Black,1,0,0,1,Wool,medium,Upcyclable
15.097291516482727,23.09571177465417,0.31605790871383393,0.10079118324506996,131,161,64,Grey,0,0,1,0,Nylon,medium,Repairable
14.435979828793826,33.24652811979509,0.20956622681526005,0.07736064197162514,196,243,242,Black,0,1,1,0,Polyester,medium,Repairable
29.627075816941606,25.70201295794458,0.31581807911757415,0.3743209033385673,244,210,75,Beige,1,1,1,1,Polyester,low,Recyclable
30.6365771658457,19.971153908973754,0.24456585025417246,0.000566824648973226,126,23,132,Black,1,0,1,0,Wool,medium,Repairable
13.817119782773855,12.928740178528326,0.04029736332132238,0.45357544857100235,205,222,191,Pink,0,0,0,1,Silk,medium,Upcyclable
14.638505463233141,6.894036407382924,0.6240261575146896,0.7085376408455965,192,103,122,Green,0,0,1,1,Cotton,low,Recyclable
15.745723129115943,30.017015915898586,0.6733708484508422,0.2735063383912733,60,69,124,Beige,0,1,1,1,Polyester,low,Recyclable
7.244395911725784,30.965259456627027,0.6924428120139271,0.2947873312065814,213,19,26,Brown,0,1,1,1,Polyester,low,Recyclable
10.650784428126414,1.4512425597112042,0.33722081586384933,0.7364955645311141,45,166,102,Yellow,0,0,1,1,Silk,low,Recyclable
9.966873865983457,39.07806773816821,0.2541087835587683,0.3241987938377349,148,120,19,White,0,1,1,1,Polyester,low,Recyclable
11.857619479166972,26.888854650728014,0.15009742925372563,0.49899093579213316,76,172,59,Pink,0,1,0,1,Polyester,medium,Upcyclable
17.72252090090575,36.79513574174952,0.12243345098982934,0.03169405475296734,245,33,167,Blue,0,1,0,0,Polyester,high,Reusable
19.873717860292167,3.89446701817862,0.19987298777925672,0.009658689158367798,239,149,82,Pink,0,0,1,0,Silk,medium,Repairable
30.404003942512617,3.6101101350147324,0.1435725874115987,0.14782438111683344,253,70,229,Blue,1,0,0,0,Denim,high,Reusable
10.013167674089672,18.212368282792436,0.023865152216933562,0.3835384397649699,227,32,206,Grey,0,0,0,1,Nylon,medium,Upcyclable
25.87457918781267,26.03341312274233,0.10853221145771272,0.4144675941713728,220,5,5,Grey,1,1,0,1,Linen,medium,Upcyclable
16.288089246195927,41.556329875123566,0.037673620594289955,0.00035618236053471566,122,15,200,Brown,0,1,0,0,Polyester,high,Reusable
17.604290322780535,28.472946965781578,0.010845199340976538,0.4210352873445765,165,199,163,White,0,1,0,1,Polyester,medium,Upcyclable
23.39855593733283,17.0878246782556,0.06910978891419939,0.002276743891571854,72,108,111,Black,1,0,0,0,Cotton,high,Reusable
9.018223827501611,7.683569508009295,0.30182550704558264,0.022004228020852893,224,22,214,Black,0,0,1,0,Cotton,medium,Repairable
21.059277969472404,34.7600068726298,0.5166803033231538,0.21188681213129662,254,145,201,Yellow,0,1,1,1,Polyester,low,Recyclable
19.33161766570445,8.423534890991423,0.19583707751621401,0.855937822781934,85,13,192,Green,0,0,1,1,Cotton,low,Recyclable
21.939610112065193,39.54162265726786,0.1073381517103184,0.03603607362870146,80,49,138,Blue,0,1,0,0,Polyester,high,Reusable
20.313349151262546,16.58738420472189,0.8488599969614163,0.535548574162077,187,60,176,Grey,0,0,1,1,Nylon,low,Hazardous
37.64240111928716,39.0869848714142,0.06570520431781109,0.08981819461298354,214,35,113,White,1,1,0,0,Polyester,low,Recyclable
12.898080125989473,28.14717548071134,0.06642566522346185,0.33261749909192573,163,14,83,Yellow,0,1,0,1,Polyester,medium,Upcyclable
13.752024359985459,18.356054126690502,0.06486809682255883,0.15180792006026886,133,4,155,Grey,0,0,0,1,Nylon,medium,Upcyclable
13.014875788601884,13.76724353808648,0.10904259425300131,0.020438362870491913,239,52,21,Yellow,0,0,0,0,Wool,high,Reusable
13.556183046717962,15.909105471847042,0.4603110110453854,0.3221280775516622,166,237,83,White,0,0,1,1,Silk,low,Recyclable
12.900902981547858,25.13980030850285,0.23541188237245086,0.280804746943381,156,47,46,Grey,0,1,1,1,Polyester,low,Hazardous
27.512132248860414,20.925877954612602,0.6816323918759148,0.0001684658716681751,154,206,101,Red,1,0,1,0,Cotton,medium,Repairable
29.364033983918837,12.874263103175538,0.4207505773506604,0.0022183428891130903,68,10,79,Brown,1,0,1,0,Wool,low,Compostable
13.43402965000419,18.012423076188412,0.0996174948436149,5.333758955815511e-06,136,1,193,Black,0,0,0,0,Cotton,high,Reusable
11.34115541516617,20.9429243566298,0.8254563786619643,0.0027437435780534735,151,86,24,Green,0,0,1,0,Cotton,medium,Repairable
21.771324451091232,0.5,0.020180451988640203,0.9170697214718287,190,23,90,Red,0,0,0,1,Cotton,medium,Upcyclable
13.58221564575223,25.498017377464386,0.05630741579470058,0.42988003424593974,146,253,66,Red,0,1,0,1,Polyester,medium,Upcyclable
23.063454542044084,8.243345303398318,0.5066971262763289,0.4658003428100379,96,209,214,Pink,1,0,1,1,Cotton,low,Recyclable
19.623384166810396,6.1600111615310595,0.0067836619943905515,0.08682526732885437,122,67,159,White,0,0,0,0,Silk,high,Reusable
5.8740470800221445,0.5,0.118331971149561,0.0012291825140179847,157,78,144,Pink,0,0,0,0,Silk,high,Reusable
30.380041610640493,0.5,0.7761593807306431,0.00031109168022693196,185,11,39,Red,1,0,1,0,Cotton,medium,Repairable
32.36702138476417,3.73462996265253,0.03384413342696586,0.04052900174874454,167,186,211,White,1,0,0,0,Linen,high,Reusable
13.09769047612491,11.491748508434114,0.167728494922423,0.00787495320784029,243,250,29,Pink,0,0,0,0,Silk,high,Reusable
14.898387520512127,43.43910965031882,0.6563196632953656,0.041651519411919316,118,66,58,Pink,0,1,1,0,Polyester,medium,Repairable
20.28692312579924,13.689443889257554,0.004512295548561029,0.008221976569539755,195,159,27,Beige,0,0,0,0,Cotton,high,Reusable
20.6756543198962,22.133001275216376,0.20561179552267167,0.6521380784278745,246,35,46,Black,0,0,1,1,Cotton,low,Hazardous
23.268354181382644,24.805776638075944,0.009311535973591452,0.009841632000925618,31,148,236,Yellow,1,0,0,0,Cotton,high,Reusable
34.0816363101308,21.572782234590186,0.2656929778920708,0.015947045596424295,253,111,116,Green,1,0,1,0,Cotton,medium,Hazardous
16.584422180047603,19.070678471288076,0.060118759952440426,0.2562049485014919,112,197,150,Yellow,0,0,0,1,Silk,medium,Upcyclable
11.61362204369237,5.656474836809064,0.325089850511772,0.002166055915167609,64,193,82,Beige,0,0,1,0,Cotton,medium,Repairable
6.965446175883782,37.41113057935054,0.36718385111809776,0.004377670622585372,161,121,56,Black,0,1,1,0,Polyester,low,Recyclable
12.152559680464648,41.68635972365462,0.753704396114235,0.4063577510818091,84,245,216,White,0,1,1,1,Polyester,low,Recyclable
17.73498421700962,0.5,6.291826147066284e-06,0.034855824516770696,158,136,215,White,0,0,0,0,Silk,medium,Upcyclable
32.356462908142305,7.711656909363445,0.11887140588104418,0.23545284349801093,58,203,128,Yellow,1,0,0,1,Cotton,medium,Upcyclable
13.859109607710629,16.642275891475926,0.17860345385993392,0.13118913492018,205,43,219,Green,0,0,0,0,Cotton,high,Reusable
19.79030361311119,8.425546461077705,0.16589027206778856,0.016493431176016538,25,58,28,Brown,0,0,0,0,Denim,high,Reusable
17.868616831417985,26.071586641470383,0.30761962672161963,0.005547093982748742,149,151,235,Brown,0,1,1,0,Polyester,medium,Repairable
27.507146187584674,11.260733571120642,0.04624294833070279,0.17558256547889567,161,126,241,Grey,1,0,0,1,Wool,medium,Upcyclable
38.21545940698897,45.98067281367923,0.5142108366363614,0.32757660264030464,224,62,177,Green,1,1,1,1,Polyester,low,Recyclable
13.753049816637436,34.286583132123155,0.2118074019555038,0.7887885626609378,120,205,63,Grey,0,1,1,1,Polyester,low,Hazardous
14.084484459854224,22.55088836758658,0.2723818300560991,0.23567929946989877,12,240,98,Yellow,0,0,1,1,Silk,low,Recyclable
26.353287016552578,32.32383515983679,0.07146490145164361,0.8631542058887736,254,40,241,Beige,1,1,0,1,Polyester,medium,Hazardous
23.45513191701049,33.27080509228771,0.17290626176901855,0.24067573656364058,223,75,208,Beige,1,1,0,1,Polyester,medium,Repairable
32.77365860588827,13.232630143301082,0.35033639905423086,0.11505134894294188,54,218,202,Yellow,1,0,1,0,Cotton,medium,Repairable
22.67142548260771,10.205393065496423,0.7728001522768563,0.7483992985805782,135,201,36,Beige,1,0,1,1,Linen,low,Recyclable
15.125663273703523,20.93771675563577,0.1799177059816904,0.5513358750507046,189,106,245,White,0,0,0,1,Silk,medium,Upcyclable
22.725238645538475,30.339633493975327,0.16805531899408457,0.7188692877382507,149,129,188,Brown,1,1,0,1,Wool,medium,Upcyclable
26.869628644663262,21.66872478384101,0.3972713510267624,0.6186626123118046,252,94,127,Beige,1,0,1,1,Linen,low,Recyclable
24.56385744957891,1.0760422137080354,0.029825288941319084,0.6334674173873228,232,27,134,Black,1,0,0,1,Wool,medium,Upcyclable
22.058192248858383,10.366106672589893,0.023512884274956444,0.2964719834174413,55,143,89,Pink,1,0,0,1,Cotton,medium,Upcyclable
26.53339751671323,19.112325636867464,0.07101304144655146,0.8769858444291685,83,58,86,Beige,1,0,0,1,Linen,medium,Upcyclable
27.354364723565382,19.09201274809004,0.2147237831220194,0.882262211554721,148,128,63,Red,1,0,1,1,Cotton,low,Recyclable
29.057271928300217,43.6705061214777,0.18641929488516876,0.02514931233761486,97,85,17,Green,1,1,1,0,Polyester,medium,Repairable
23.189679100717143,3.3681446912120236,0.07714470509442092,0.5198726928787163,176,252,28,Blue,1,0,0,1,Denim,medium,Upcyclable
16.663055357465165,26.067070902030494,0.83424676091857,2.295722273822181e-05,93,0,230,Pink,0,1,1,0,Polyester,medium,Repairable
19.17370949146658,37.86935729993947,0.2667330568580065,0.12912052238512609,133,30,113,Grey,0,1,1,0,Polyester,medium,Repairable
27.652071732066855,47.25739694507355,0.28174670552609243,0.318733025388425,34,21,225,Pink,1,1,1,1,Polyester,low,Recyclable
11.464514632102112,15.147230921792465,0.11344232818856718,0.032514889922120364,154,225,59,Red,0,0,0,0,Cotton,high,Reusable
20.94938647098321,25.897153432642398,0.09270689761597532,0.07178366082509255,211,203,229,Red,0,1,0,0,Polyester,high,Reusable
14.853289501381115,26.837124286383762,0.7741286432191706,0.33948470500702504,125,186,53,Blue,0,1,1,1,Polyester,high,Reusable
18.22995858347854,22.34578077863949,0.38090304940320946,0.0026768702337114994,112,118,71,Green,0,0,1,0,Cotton,medium,Repairable
28.22761490085839,18.81385758512833,0.03370204996035155,0.0023066230454348046,229,214,148,Grey,1,0,0,0,Wool,high,Reusable
19.528792544159227,25.23170467400055,0.0030080557380042085,0.7900906585709659,167,27,148,Pink,0,1,0,1,Polyester,medium,Upcyclable
18.37149238524919,0.5,0.06091746450817424,0.03187326843705697,13,115,57,Green,0,0,0,0,Linen,high,Reusable
7.121150872160646,28.184833880751576,0.3112221594578503,0.09776725945194877,73,241,176,Black,0,1,1,0,Polyester,medium,Repairable
23.970028528217767,21.514134843943605,0.3439592655072424,0.03655067434751558,51,75,35,Red,1,0,1,0,Cotton,medium,Repairable
23.1638734491286,17.330301238660816,0.1446992434298881,0.005880207058006799,105,26,144,Pink,1,0,0,0,Cotton,high,Reusable
35.30603778644368,44.56234634863469,0.16335813079763875,0.6873412115972575,206,86,249,Beige,1,1,0,1,Polyester,medium,Upcyclable
15.537774120375992,11.900791774513372,0.23718047066687925,0.8527238365348951,39,128,79,Pink,0,0,1,1,Silk,low,Recyclable
19.753202621311512,15.16308813121963,0.0007156474929270242,0.008318016099084372,42,123,180,Green,0,0,0,0,Cotton,high,Reusable
19.995069469686044,43.89863962645681,0.38013138702817245,0.09630965180889192,111,250,14,Brown,0,1,1,0,Polyester,medium,Repairable
30.619626238107795,10.015264341801721,0.3035677065931808,0.7487792041001112,185,106,206,White,1,0,1,1,Linen,low,Recyclable
17.237635740904384,13.398616604761534,0.7861009394881278,0.0838864150227076,2,129,39,Green,0,0,1,0,Cotton,medium,Repairable
20.232172206162716,18.2356949188298,0.1850923249875077,0.244079271711993,142,235,80,Beige,0,0,1,1,Cotton,low,Recyclable
22.863172077732315,30.088813785554592,0.4169412717438033,0.26466247282197614,172,94,253,Black,1,1,1,1,Wool,low,Repairable
19.492872985250866,22.49363008823976,0.3874042045154662,0.06716838139380157,94,65,50,Black,0,0,1,0,Cotton,low,Compostable
14.428531083595773,4.4884958341728485,0.4479178891097085,0.01854066333018587,138,176,192,Pink,0,0,1,0,Silk,medium,Repairable
19.55271994318646,13.613977242473727,0.07115982522476655,0.1324983800891066,237,216,140,Black,0,0,0,0,Cotton,high,Reusable
26.589053998878178,12.711746801453463,0.7550454884447101,0.5570775844758976,166,229,165,Red,1,0,1,1,Cotton,low,Recyclable
9.787877604711518,19.073347457323454,0.23834485681403145,0.002784886482046785,18,239,201,Brown,0,0,1,0,Cotton,medium,Repairable
19.06375739317501,25.110123903557948,0.006938987481484903,0.02692467021335239,206,18,96,Brown,0,1,0,0,Polyester,high,Reusable
12.399033480486615,25.018469070655666,0.21240893410960188,0.4965490662636389,229,155,153,Yellow,0,1,1,1,Polyester,low,Recyclable
27.56037303139874,0.5,0.1898720066151653,0.05627998543211906,147,197,203,Yellow,1,0,1,0,Polyester,medium,Repairable
5.814504761729802,32.767291850730274,0.016852095211900852,0.63585604497789,213,166,210,Blue,0,1,0,1,Polyester,medium,Upcyclable
13.528625221827294,23.03082615195948,0.0637438213752359,0.0056602659547488055,198,18,142,Beige,0,0,0,0,Cotton,high,Reusable
21.017695000516166,36.61438457112688,0.46224146617330086,0.37797456034614324,55,126,116,Black,0,1,1,1,Linen,low,Hazardous
30.52419223387472,25.33037992748806,0.013280627328809923,0.26895090403209865,77,115,132,Black,1,1,0,1,Wool,medium,Upcyclable
17.4739979114161,33.21587549282914,0.9877762391774635,0.43029166415104303,117,63,1,Blue,0,1,1,1,Polyester,low,Recyclable
13.558403786454413,25.598543737401524,0.05316559263439894,0.26775459183944084,131,57,114,White,0,1,0,1,Polyester,medium,Upcyclable
33.04925655552472,36.15470907443298,0.24573104775321816,0.6635868268516771,8,16,77,Green,1,1,1,1,Polyester,low,Recyclable
6.415888796670048,26.267007632213343,0.010836163776641703,0.1433178850908966,230,197,92,Pink,0,1,0,0,Polyester,high,Reusable
2.0,18.82501704268515,0.07752497738705603,0.30361787754692526,152,78,232,Blue,0,0,0,1,Nylon,medium,Upcyclable
21.52011560042666,47.26921664536258,0.2929005881586257,0.07257949019699851,174,213,252,Green,0,1,1,0,Polyester,medium,Repairable
13.98356620517911,30.668445467358705,0.401950417907996,0.03873863614870984,226,40,192,Brown,0,1,1,0,Polyester,medium,Repairable
9.830137462954294,26.884933052052958,0.030993563365812823,0.6322096474994415,228,225,76,Blue,0,1,0,1,Polyester,medium,Upcyclable
23.666851578394827,4.684347001539969,0.43968240571681305,0.4281502972294592,48,4,240,Black,1,0,1,1,Wool,low,Hazardous
19.95040571016959,4.540308590437547,0.24540644048817087,0.0025367302754709413,154,244,59,Pink,0,0,1,0,Silk,medium,Repairable
13.487370954106172,23.512585785702242,0.14955246524329072,0.05803623843651103,27,22,95,Yellow,0,0,0,0,Silk,high,Reusable
7.757564810632845,21.74625437321889,1.7740901246195318e-05,0.05578129014501135,215,196,97,Beige,0,0,0,0,Cotton,high,Reusable
24.979658626241157,12.630529219900206,0.02960711940577766,0.12174762274579878,224,235,55,Beige,1,0,0,0,Linen,high,Reusable
23.20160942366929,21.69179239534472,0.0001298517160061766,0.21014393991623412,224,125,117,Blue,1,0,0,1,Denim,medium,Upcyclable
17.206593089764937,39.06352313652315,0.0313850704849808,0.0038246565144352774,189,9,205,Beige,0,1,0,0,Polyester,high,Reusable
32.77309596838133,28.344829694603582,0.3639637772667885,0.05569756004745117,15,67,243,Brown,1,1,1,0,Wool,medium,Repairable
9.43932186939078,6.30789788296714,0.007396290240096626,0.35689295388505404,255,139,118,Black,0,0,0,1,Cotton,medium,Upcyclable
5.795798632602089,18.661894074284675,0.3221804023668889,0.6551536563117453,86,110,37,Beige,0,0,1,1,Cotton,low,Recyclable
12.464735440950044,10.34040222976927,0.141101723934573,0.7742756016986383,173,137,184,Grey,0,0,0,1,Nylon,medium,Reusable
17.635311869156016,15.347601003097266,0.024008462715605302,0.2954699976495196,202,59,101,Brown,0,0,0,1,Cotton,medium,Upcyclable
19.946715594581534,15.036612012444287,0.3837227637021836,0.03994915411651705,173,126,241,Brown,0,0,1,0,Cotton,medium,Repairable
16.070111537149362,14.268253008751937,0.41046726567706093,0.029756253269193955,167,29,50,Red,0,0,1,0,Cotton,medium,Repairable
20.816443172114376,4.938375536319262,0.08734919163788461,0.5233078754424689,82,113,168,Yellow,0,0,0,1,Silk,medium,Upcyclable
7.9876846064764475,18.46814382178172,0.3604179778783875,0.7326100421246763,33,151,206,Blue,0,0,1,1,Nylon,low,Recyclable
29.550116832586077,13.27270835783228,0.1002197557475399,0.004838736700796308,214,68,126,White,1,0,0,0,Linen,high,Reusable
17.34279057285945,0.5,0.7200250655168945,0.21509124064654106,137,12,102,Brown,0,0,1,1,Cotton,low,Compostable
26.93836665270502,44.63566429401995,0.2650837549079639,0.004945230188012916,228,227,197,Beige,1,1,1,0,Cotton,medium,Repairable
20.741802771021632,33.06523585060006,0.020017936800979547,0.5689749631719708,238,8,220,Pink,0,1,0,1,Polyester,medium,Upcyclable
21.654025753230272,15.484391300900047,0.6757618425731211,4.611041729417701e-05,0,145,228,Black,0,0,1,0,Cotton,medium,Repairable
22.55813824185763,20.22582859688718,0.03586497708811184,0.5416751382906306,65,162,210,White,1,0,0,1,Linen,medium,Upcyclable
21.581668480138518,5.940147832189258,0.17151518075936947,0.5361167059650976,114,222,179,Yellow,0,0,0,1,Silk,medium,Upcyclable
23.141782078940352,40.34867453373038,0.09881093564227356,0.0625584339639989,213,215,128,Brown,1,1,0,0,Wool,high,Reusable
28.63322024105945,42.76746433727734,0.07195827068792907,0.520259012056943,253,234,84,Black,1,1,0,1,Polyester,medium,Upcyclable
19.57216935761176,21.880324738958294,0.051825342175575356,0.5888135433729688,144,131,102,Yellow,0,0,0,1,Silk,medium,Upcyclable
23.6720300607081,32.28236773022414,0.43235154647320223,0.01448140965555736,46,168,17,Black,1,1,1,0,Wool,medium,Repairable
17.282114445702184,22.103441347207088,0.12553457206756877,0.4522520149474995,23,25,26,Green,0,0,0,1,Cotton,medium,Upcyclable
29.520937723595782,3.959294733488832,0.1155332775836065,0.0986140330077603,177,124,91,Beige,1,0,0,0,Linen,high,Reusable
12.588861583525842,15.058119572436112,0.5978765138649592,0.21053352849581827,212,43,71,Pink,0,0,1,1,Silk,low,Recyclable
32.40752346328652,21.583135601263486,0.03481242496541424,0.006709020297450582,103,249,94,Grey,1,0,0,0,Wool,high,Reusable
17.678736394845252,14.54542737507867,0.20762384256108465,0.5238749334085281,28,169,75,Black,0,0,1,1,Cotton,low,Hazardous
6.553799183055615,17.37616067077957,0.025603487012464364,0.08061966176110634,244,9,169,Black,0,0,0,0,Cotton,high,Reusable
19.024835319286314,18.903205309890627,0.00982217307518234,9.981247612544252e-05,252,104,5,Brown,0,0,0,0,Cotton,high,Reusable
12.551586740200953,19.029458025614463,0.6487116600336286,0.03347930198533554,205,105,89,Blue,0,0,1,0,Nylon,medium,Repairable
24.72514839190979,20.6271018859698,0.006907263771656453,0.079494235925691,71,200,79,Yellow,1,0,0,0,Cotton,high,Reusable
12.779008165580873,7.272739203240789,0.12157542806009647,0.004335803053004096,221,0,221,Green,0,0,0,0,Cotton,high,Reusable
14.430532534281763,11.395806210464766,0.3098888876695078,0.015405168896077922,85,181,82,White,0,0,1,0,Silk,medium,Repairable
2.883674152435752,4.584988811600368,0.004973560271833749,0.642852460323658,214,143,81,Grey,0,0,0,1,Nylon,medium,Upcyclable
14.381549446007387,31.733786596234403,0.09279933367756661,0.45918886323902597,103,249,151,Beige,0,1,0,1,Polyester,medium,Upcyclable
2.0,0.5,0.14120989494973324,0.11008372107757694,242,45,44,Black,0,0,0,0,Cotton,high,Reusable
5.3287774121142135,33.84308411980311,0.35466512625897617,0.7417310716886378,140,140,211,Blue,0,1,1,1,Polyester,low,Recyclable
24.08331724915438,36.63619276715412,0.0020403847903976025,0.5231369009523725,191,229,70,Red,1,1,0,1,Polyester,medium,Upcyclable
24.286401269206657,16.373832956208542,0.19498562960928634,0.2024972422541926,155,63,6,Brown,1,0,1,1,Wool,low,Recyclable
21.40366049427972,0.5,0.13091414667132834,0.010220793648291683,221,77,143,Brown,0,0,0,0,Cotton,high,Reusable
10.264190854966296,15.664273256392514,0.26327574761948247,0.1651467454172496,132,231,125,Grey,0,0,1,1,Denim,low,Hazardous
17.61830915086416,19.229790064534168,0.19448578653790416,0.0015077802300686328,73,86,57,Grey,0,0,1,0,Nylon,medium,Repairable
17.971179687275452,7.872821360853038,0.2881367969224272,0.04090556414894764,230,182,56,Blue,0,0,1,0,Nylon,medium,Repairable
8.733082486459658,13.817379274301087,0.9801426887311341,0.05292657779544067,136,62,169,Red,0,0,1,0,Cotton,medium,Repairable
30.027186414137205,38.36234238636021,0.03057630121033329,0.4441141929999029,141,145,110,Red,1,1,0,1,Polyester,medium,Upcyclable
25.01889832460537,27.979125947620894,0.05780580751699904,0.24816883650654406,101,60,141,Grey,1,1,0,1,Wool,medium,Upcyclable
16.23228660936269,8.905230627462801,0.6241998284573381,0.00011652836026467595,137,91,55,Green,0,0,1,0,Cotton,medium,Repairable
18.215086711956246,0.8288099648548126,0.008568979626511737,0.025332635847425428,160,122,11,Green,0,0,0,0,Cotton,high,Reusable
19.66706246358042,16.075792188682748,0.002404530666899431,0.00017914040738087664,74,19,92,Grey,0,0,0,0,Nylon,high,Upcyclable
2.0,17.43851864779474,0.21944933031605837,0.20168179858936158,39,192,14,Pink,0,0,1,1,Silk,low,Recyclable
16.022580939835226,25.954390248359797,0.23329663695019828,0.48614227600245014,133,63,7,Grey,0,1,1,1,Polyester,low,Hazardous
12.54412601601761,13.576199449188092,0.1946394048502651,0.6196746322181438,16,75,230,Blue,0,0,1,1,Nylon,low,Recyclable
9.987039920840676,26.137994904342335,0.5266924384074776,0.07798254883951868,163,218,185,Red,0,1,1,0,Polyester,medium,Repairable
15.75119765691236,43.22184848072275,0.15990546286587026,0.4067218279562413,69,191,52,White,0,1,0,1,Polyester,medium,Upcyclable
32.38149221479618,29.786012269331152,0.4472771282635444,0.33922592412323865,60,106,136,Brown,1,1,1,1,Wool,low,Recyclable
23.12674289013608,19.42293791203073,0.32008989260537335,0.0001780164731620852,110,140,173,Grey,1,0,1,0,Wool,medium,Repairable
13.430568081737626,17.802194347360462,0.1538993314899729,0.029881987910089947,201,246,91,Yellow,0,0,0,0,Silk,high,Reusable
22.58066225084927,15.719922389841546,0.0004661139968237286,0.1907548301199145,176,195,218,Black,1,0,0,1,Nylon,medium,Repairable
29.194843492688015,34.16769094942573,0.029742170500538137,0.11902553223854864,233,216,6,Pink,1,1,0,0,Polyester,high,Reusable
25.397069463302152,12.472238648584366,0.5467743050615881,0.07584032787129996,196,197,254,White,1,0,1,0,Linen,medium,Repairable
18.477042959361395,20.54267250799979,0.010436776456790146,0.27539084164621397,82,245,43,Grey,0,0,0,1,Nylon,medium,Upcyclable
12.824505778355409,20.614374822573023,0.053373125081665744,0.545824805435662,198,56,13,Grey,0,0,0,1,Nylon,medium,Upcyclable
23.58578650890872,13.978589686261616,0.16628870287328323,0.2509145818409188,252,44,74,White,1,0,0,1,Linen,medium,Upcyclable
21.147883083373998,3.5304134253907904,0.5234008074801768,0.8657954006420066,23,119,223,Green,0,0,1,1,Cotton,low,Recyclable
25.16154576022186,23.875694043412018,0.10452600634240143,0.018626297934232212,50,85,114,Grey,1,0,0,0,Wool,high,Reusable
23.081374413455755,19.267952337735398,0.06882312455362335,0.8250746584380678,169,236,91,Red,1,0,0,1,Cotton,medium,Upcyclable
26.39642172255468,26.00288563323884,0.14392201333538485,0.06922501614984393,146,37,133,Yellow,1,1,0,0,Polyester,high,Reusable
13.718118307515457,13.596796322729997,0.39396694668426546,0.43535363647248154,61,181,162,Blue,0,0,1,1,Cotton,low,Recyclable
28.539152525074606,34.64985558575657,0.0007822837259500732,0.07076015268470637,202,163,197,Yellow,1,1,0,0,Polyester,high,Reusable
19.580796837539197,9.478714625457862,0.30518546997400614,0.3228383176301625,66,244,188,Red,0,0,1,1,Cotton,low,Recyclable
34.602086981002124,40.54448340821471,0.04143267093686877,0.02320651972974436,29,66,151,Yellow,1,1,0,0,Silk,high,Reusable
12.486497455283457,0.5,0.16910227687488683,0.2577313879857374,106,120,72,Green,0,0,0,1,Cotton,medium,Upcyclable
31.887710425321995,25.217240774682693,0.6768593959532333,0.32038175316712025,165,125,129,Blue,1,1,1,1,Nylon,low,Recyclable
19.583286267701183,25.705168190319483,0.2783573777217603,0.6118231468491562,133,206,229,Yellow,0,1,1,1,Polyester,low,Recyclable
12.788655971084413,10.453315184709412,0.44027535729703265,0.5114998860154607,110,10,205,Brown,0,0,1,1,Cotton,low,Recyclable
14.128913327565428,25.09272725433215,0.6693185562410696,0.760503297883229,226,97,178,Red,0,1,1,1,Polyester,low,Recyclable
15.437221534445438,35.35422403712191,0.23110951293406617,0.0025031100733074805,149,154,30,Red,0,1,1,0,Polyester,medium,Repairable
21.39332757121533,0.5,0.5073821618683507,0.0728630557952873,120,86,125,Black,0,0,1,0,Cotton,medium,Repairable
22.182683904283998,26.032937689889778,0.4647448200186796,0.00047028126969318827,10,144,221,Beige,1,1,1,0,Polyester,medium,Repairable
13.410399968491369,0.5,0.2881683927420779,0.010971026060501694,71,121,118,Pink,0,0,1,0,Silk,medium,Repairable
17.80516326191214,8.412022357721504,0.3760886112897427,0.05347775599940104,90,251,26,Beige,0,0,1,0,Cotton,low,Compostable
35.13816286889491,39.54999637881134,0.2473881966753736,0.060632335561338555,252,214,227,Pink,1,1,1,0,Polyester,medium,Repairable
31.82034536080569,13.018615599295352,0.00018903267776388197,0.31492083132284276,28,97,109,Yellow,1,0,0,1,Cotton,medium,Upcyclable
21.490589357392256,5.913440427092329,0.05962950213131287,0.07268346155313649,118,212,158,Brown,0,0,0,0,Cotton,high,Reusable
18.304027825345603,17.624747252183816,0.03131025881248845,0.03978463496369421,118,32,254,Brown,0,0,0,0,Cotton,low,Compostable
18.96025061374609,44.81487605796262,0.4151180201871364,0.45227159380822135,7,132,244,Grey,0,1,1,1,Polyester,low,Hazardous
22.908143781843332,0.5,0.00026865661027526585,0.7764759407127116,214,122,105,Beige,1,0,0,1,Linen,medium,Upcyclable
9.817659478412756,7.384281060327865,0.43288971518052416,0.26629096162911625,220,243,197,Yellow,0,0,1,1,Silk,low,Recyclable
15.940987700613238,37.96918019815551,0.36037150029484266,0.47192005751844357,79,80,170,Black,0,1,1,1,Polyester,low,Hazardous
4.651327408979284,42.29242812245279,0.6269850750714404,0.003793539261633097,162,251,236,Black,0,1,1,0,Polyester,medium,Repairable
21.193784980842235,18.75882530851659,0.21595180413694104,0.35771464923075585,71,61,119,White,0,0,1,1,Silk,low,Recyclable
23.177567517621927,5.13136756968029,0.07916085420598491,0.42502211190557676,199,64,81,Grey,1,0,0,1,Wool,medium,Upcyclable
14.134508301605008,45.150122021709905,0.7265122795953611,0.16559038096334985,172,198,51,Brown,0,1,1,1,Polyester,low,Recyclable
30.59189410632026,39.13330870099036,0.09938056020569147,0.008452524140448005,32,124,13,Green,1,1,0,0,Polyester,high,Reusable
8.19387469598127,28.147363853146796,0.24999295403269772,0.3036603025843207,233,194,186,Brown,0,1,1,1,Polyester,low,Recyclable
6.285000958321438,10.25117181275096,0.13992868087682192,0.6912279146636852,4,89,19,Beige,0,0,0,1,Cotton,medium,Upcyclable
19.795614548479776,19.41164790994356,0.2532724011750068,0.04006438129380328,189,207,117,Green,0,0,1,0,Silk,medium,Repairable
26.376786420897236,18.07567902746203,0.42697410762428345,0.4109391668496379,164,207,51,Brown,1,0,1,1,Wool,low,Recyclable
31.471421531662948,23.970215655386934,0.7283188117691923,0.40493453748228875,144,43,202,Brown,1,0,1,1,Wool,low,Recyclable
14.32892589704848,37.41201725757603,0.010879734126713612,0.07167341690652886,21,232,244,White,0,1,0,0,Polyester,high,Reusable
26.629446667450367,30.55300449364884,0.0003953106528745938,0.08144756563158065,77,120,100,Brown,1,1,0,0,Wool,high,Reusable
17.69193224399434,7.071487076182901,0.29775839776683066,0.10503893225254148,229,141,39,Beige,0,0,1,0,Cotton,medium,Repairable
16.618981600473443,36.51795740023445,0.2660233802431644,0.4451961705791868,159,235,67,Beige,0,1,1,1,Polyester,low,Recyclable
25.06927949989338,23.757585680157863,0.5439062760993506,0.015629082473917782,13,217,43,Brown,1,0,1,0,Wool,medium,Repairable
23.218583027307357,28.244789550306997,0.27355517796388806,0.595060524959195,235,90,133,Red,1,1,1,1,Polyester,low,Recyclable
5.388862744126005,37.598490311343234,0.47500221742965965,0.008849610903542126,147,56,86,White,0,1,1,0,Polyester,medium,Repairable
29.812322797807166,6.661037005837386,0.5147290070191318,0.03922159627216831,149,47,119,Red,1,0,1,0,Cotton,medium,Repairable
29.040730833179612,19.570093055522445,0.162055336780846,0.09163477740788482,29,144,56,Beige,1,0,0,0,Linen,high,Reusable
12.995498387923764,13.62254538368942,0.4984292999678717,0.24349269333116827,181,43,185,Pink,0,0,1,1,Silk,low,Recyclable
21.16642826749927,1.1856868956145306,0.7087733504159386,0.11187866772446482,160,131,71,Blue,0,0,1,0,Nylon,medium,Repairable
21.952241490261912,24.16051973125904,0.008229648538167395,0.003924544824243279,4,80,157,Blue,0,0,0,0,Nylon,high,Reusable
20.085390126591257,50.138678619013085,0.3526948049942497,0.44154006217495995,17,96,227,Yellow,0,1,1,1,Polyester,low,Recyclable
13.597558769236638,0.5,0.6137669020579116,0.49376208216377204,62,29,51,Red,0,0,1,1,Cotton,low,Recyclable
12.627013056495588,19.612632667406356,0.0007643223471597614,0.5055435096830659,173,120,233,Beige,0,0,0,1,Cotton,medium,Upcyclable
17.795567432068438,27.68651522089728,0.37787626407451,0.10778941652996926,134,84,10,Black,0,1,1,0,Polyester,medium,Repairable
27.381832154074917,21.476938419874173,0.42520080255166054,0.41843750691073966,156,208,174,Beige,1,0,1,1,Linen,low,Repairable
22.34880123675546,18.642463369811114,0.05071405441191144,0.3142247483414448,56,202,4,Black,1,0,0,1,Wool,medium,Upcyclable
15.035085343311152,4.409403638650108,0.14579676176250808,0.4546237680902542,174,242,130,Pink,0,0,0,1,Silk,medium,Upcyclable
24.17358968518676,22.793440915281963,0.01464664527442478,0.0013902498399091922,8,182,142,Brown,1,0,0,0,Wool,high,Reusable
2.0,10.918832275808883,0.4998018160341463,0.040937136838725775,253,157,129,Beige,0,0,1,0,Cotton,high,Reusable
27.190125602976828,0.5,0.0003613532502983709,0.5260612713964784,238,145,1,Yellow,1,0,0,1,Cotton,medium,Upcyclable
4.082289769775203,34.33510664616477,0.0036006744679962016,0.14834200830533678,186,83,248,Brown,0,1,0,0,Polyester,high,Recyclable
15.100472468774942,31.50062983810451,0.5822632646175399,0.07967270391760306,111,97,199,Blue,0,1,1,0,Polyester,medium,Repairable
9.04264084299085,20.619931722212957,0.5171578358534584,0.20300506045809352,104,232,181,Red,0,0,1,1,Cotton,low,Recyclable
7.642548194232754,22.74889625846843,0.6610701842274664,0.042178877306544245,122,91,173,Beige,0,0,1,0,Cotton,medium,Repairable
27.286614299028155,32.891816152586735,0.00996132092914419,0.15330496496062135,70,72,93,White,1,1,0,1,Polyester,medium,Upcyclable
14.25839038950487,22.69207588133699,0.8640750386435075,0.17607889519262512,198,171,126,Beige,0,0,1,1,Cotton,low,Recyclable
20.772031053845726,30.848210657135773,0.05635102671706467,0.24959205803891785,112,189,125,Pink,0,1,0,1,Polyester,medium,Upcyclable
17.624635368966526,16.430213589513798,0.740557007519063,0.18623585034831192,170,30,40,Green,0,0,1,1,Cotton,low,Recyclable
21.816326617784974,35.74380486288736,0.029898591664684875,0.1269558884976456,58,108,196,Yellow,0,1,0,0,Polyester,high,Reusable
18.61457512848204,23.849428711192207,0.504568627503188,0.6096628169078027,5,15,29,White,0,0,1,1,Silk,low,Recyclable
7.736062206491443,22.328623323270488,0.0007110253542562633,0.15035619534766656,109,94,43,Pink,0,0,0,1,Silk,medium,Upcyclable
25.97013455557712,4.759266935455615,0.047433234631924295,0.25772877747264217,255,220,9,Brown,1,0,0,1,Wool,medium,Upcyclable
14.0499473347095,23.443470251620504,0.6433475456214252,0.015230848245171569,110,76,224,Red,0,0,1,0,Cotton,medium,Repairable
5.547344810721992,10.016540990066586,0.03416288501262752,0.47568438720929745,52,150,215,Pink,0,0,0,1,Silk,medium,Upcyclable
14.575078712272699,12.34060728165807,0.00886660604266919,0.6545956260682259,63,141,210,Blue,0,0,0,1,Nylon,medium,Upcyclable
30.006078325074487,10.215492460206548,0.8171801713247074,0.15895542160140394,231,230,29,Blue,1,0,1,1,Denim,low,Recyclable
24.801773936907942,7.2051808172093,0.5929098741496334,0.026840979155804797,247,1,216,Black,1,0,1,0,Wool,medium,Repairable
15.210782924737126,45.49725683620354,0.2572504942758212,0.08325516512167518,218,139,74,Red,0,1,1,0,Polyester,medium,Repairable
15.20593836545257,35.976068743860836,0.4755972243901701,0.07594581311421661,3,185,48,Blue,0,1,1,0,Polyester,medium,Compostable
15.426919590260939,43.04441002573114,0.042278972359189,0.45621424374455694,0,127,162,Beige,0,1,0,1,Polyester,medium,Upcyclable
34.61398386848673,5.325259765333232,0.0006554818927120954,0.05978347225521512,69,91,192,Brown,1,0,0,0,Wool,high,Reusable
21.055483617852428,20.85504499893071,0.1591882297139378,0.1667475664243767,249,223,144,Grey,0,0,0,1,Nylon,medium,Repairable
21.440333177528558,4.47790849755085,0.8676516289859028,0.321455633716504,30,183,158,Blue,0,0,1,1,Nylon,low,Recyclable
26.242267632254737,11.651661473635231,0.31808653726859265,0.4579868634018362,64,240,69,Green,1,0,1,1,Cotton,low,Recyclable
19.910313272212107,8.982476199001102,0.8680305033487018,0.05368518823535666,116,23,204,Grey,0,0,1,0,Nylon,medium,Repairable
15.927662833434376,34.87500807729874,0.0007518225391587593,0.25553705770418617,196,36,179,Grey,0,1,0,1,Polyester,medium,Upcyclable
16.429201207320173,15.245243862778882,0.5166107924839917,0.6540658622511057,18,28,25,Green,0,0,1,1,Cotton,low,Recyclable
17.42718992468749,32.82055200432819,0.09975308967714847,0.8774238192415028,196,243,99,Grey,0,1,0,1,Polyester,medium,Repairable
17.702222107921266,27.249450675062214,0.059106717803306695,0.298957260561635,117,41,132,Beige,0,1,0,1,Polyester,medium,Upcyclable
23.821036349095838,47.64366502525747,0.7613219298188721,0.5014876724417349,68,17,110,Pink,1,1,1,1,Polyester,low,Recyclable
18.415567086458395,2.2466693223233136,0.015135977417433333,0.11844744033954481,176,130,13,Blue,0,0,0,0,Nylon,high,Reusable
23.861120617724634,35.11079887744159,0.09624436601800357,0.024724433425075645,30,204,50,White,1,1,0,0,Polyester,high,Reusable
17.35426735913134,33.75729044480873,0.4760081488310892,0.001801882609455323,187,12,14,Blue,0,1,1,0,Polyester,medium,Repairable
18.629081522528725,8.319453943675585,0.03692642074869253,0.3771134093311255,235,105,127,Grey,0,0,0,1,Nylon,medium,Upcyclable
2.014394523743139,32.085600037677914,0.08163954284218959,0.039329409531200676,198,156,139,Brown,0,1,0,0,Polyester,high,Reusable
25.33062139761985,24.033739556314746,0.05847918012106234,0.8593496121293335,78,193,241,Green,1,0,0,1,Cotton,medium,Upcyclable
20.771907807183943,17.270284880559107,0.676239813363873,0.05035066831381588,242,58,45,Brown,0,0,1,0,Cotton,medium,Repairable
25.98408087887722,10.112774156336005,0.009713460518034622,0.8018577979577,54,91,233,White,1,0,0,1,Linen,medium,Upcyclable
2.0,11.37068658260977,0.2748538831707276,0.044286955549345114,244,175,191,Beige,0,0,1,0,Cotton,medium,Repairable
34.706997638245824,44.59774514943111,0.9100337460360147,0.7974916039710176,204,3,71,Grey,1,1,1,1,Wool,low,Hazardous
16.88328297475861,20.00819382748979,4.093803121379789e-05,0.001185994506185348,203,50,186,Green,0,0,0,0,Cotton,high,Reusable
26.865462533900132,29.38556001837751,0.016420818678049957,0.05292939437635098,126,132,246,Black,1,1,0,0,Wool,high,Reusable
9.680752582995753,10.509207419989362,0.09380409684416673,0.005859768429687636,210,166,94,Black,0,0,0,0,Cotton,high,Reusable
22.902191240500557,10.641764645340334,0.36349076568201827,0.24596337108832936,76,40,153,White,1,0,1,1,Linen,low,Recyclable
9.57267549461075,32.983817710999304,0.7424241884846813,0.0036174535858280936,90,4,28,White,0,1,1,0,Polyester,medium,Repairable
13.009848314433558,3.8050854613816156,0.007254927911165377,0.014689139567353343,165,135,131,Red,0,0,0,0,Cotton,high,Reusable
33.31225083093429,15.017434785136741,0.6040256128818485,0.7049381766382121,160,225,177,White,1,0,1,1,Linen,low,Recyclable
16.474540793893226,20.408328932866784,0.017018109829457076,0.014801825238708618,5,245,219,White,0,0,0,0,Silk,high,Reusable
19.739462985437783,21.33647122208063,0.4180149535360032,0.2829207472683236,140,183,24,Beige,0,0,1,1,Cotton,low,Recyclable
24.960541845510033,17.850880579806123,0.4209305112210854,0.7147912354993452,204,152,167,Red,1,0,1,1,Cotton,low,Recyclable
21.965455103780837,24.749837373151077,0.3124020457563449,0.10386090426477546,204,90,31,Black,0,0,1,0,Cotton,medium,Repairable
19.20335124114861,28.31426906981374,0.42418230147210406,0.24386976577776903,19,179,99,Black,0,1,1,1,Polyester,low,Hazardous
20.919688019729804,28.81565054551196,0.015598413657666758,0.6027329244025176,99,51,202,Green,0,1,0,1,Polyester,high,Reusable
37.2273246819062,8.17035429598608,0.5423447706918293,0.5835092958779843,164,134,36,Brown,1,0,1,1,Wool,low,Recyclable
17.539049623731316,16.590138824854435,0.0010953703055663097,7.312671700704958e-05,44,188,125,Pink,0,0,0,0,Silk,high,Reusable
19.60879237371974,34.33715434252325,0.232658988008262,0.6168346166418525,200,227,137,Grey,0,1,1,1,Polyester,low,Hazardous
26.405235168060898,30.735766250886467,0.00035500116622501457,0.003499910452743892,80,223,165,Green,1,1,0,0,Polyester,high,Reusable
26.84420746366387,3.525686582227234,0.09268918351459766,0.05550353660553265,226,212,188,Green,1,0,0,0,Cotton,high,Reusable
27.49624244448304,24.21775880422642,0.252195967157754,0.25519608472724625,254,46,99,Beige,1,0,1,1,Linen,low,Recyclable
23.109841776233477,0.5,0.06934619297139064,0.1934855547866586,58,126,241,Pink,1,0,0,1,Cotton,medium,Upcyclable
8.855960698156132,20.563218824724437,0.041432720008539904,0.6905557923859311,51,81,244,Green,0,0,0,1,Cotton,medium,Upcyclable
31.067452258408768,42.773204200951724,0.42551622526106975,0.2558322062051275,145,65,26,Blue,1,1,1,1,Denim,low,Reusable
8.829236855850496,8.625287392772165,0.3602429504121234,0.00839262337889857,24,186,208,Black,0,0,1,0,Cotton,medium,Repairable
20.421083721912265,9.988123454101014,0.0013572455437314856,0.015917295429225504,122,237,134,White,0,0,0,0,Silk,high,Reusable
11.965793199845137,29.168357378874312,0.12281427492310355,0.035448488303038816,206,233,200,White,0,1,0,0,Polyester,high,Reusable
17.48689322725606,1.4863818174842507,0.850412592455527,0.23819272671298103,214,132,98,Yellow,0,0,1,1,Silk,low,Recyclable
20.630099282427842,12.40693964137953,0.5711639671174875,0.28091629731176715,128,171,245,Beige,0,0,1,1,Cotton,low,Recyclable
20.570857723602185,27.157293650981032,0.6365996484923114,0.0040846381996718735,40,169,136,Red,0,1,1,0,Polyester,medium,Repairable
21.37536603388228,12.388569827727164,0.5995956586083417,0.3098320338251965,101,249,186,Grey,0,0,1,1,Nylon,low,Repairable
30.909690152469175,17.168360153468342,0.012386861518472878,0.0009188512667760112,255,60,35,Black,1,0,0,0,Wool,medium,Upcyclable
21.62827441211184,28.930228523780414,0.402486100105504,0.4082303655777294,17,190,117,Blue,0,1,1,1,Polyester,low,Recyclable
16.04674691767481,25.058553002438735,0.3862008019336473,0.010135070939349422,128,49,157,Green,0,1,1,0,Polyester,medium,Repairable
25.712697346306857,23.201820755544823,0.23157963457603598,0.6984995892882923,245,251,222,Green,1,0,1,1,Cotton,low,Recyclable
27.515763911397123,15.930532648759534,0.5042079334227145,0.01393985906577456,166,165,18,Beige,1,0,1,0,Linen,medium,Repairable
8.17913747890406,24.440733383227464,0.050531852802720864,0.1046460981450617,201,219,168,Grey,0,0,0,0,Nylon,high,Reusable
22.779200558798863,18.515207838802922,0.13774063532679487,0.03738419741204281,158,222,54,Brown,1,0,0,0,Wool,high,Reusable
23.609381938487186,25.493667319109417,0.5155356913798981,0.00015996759922930976,101,181,214,Blue,1,1,1,0,Denim,medium,Repairable
15.619491973120065,14.036815698584261,0.8821101602934678,0.7262501153031549,70,171,83,Grey,0,0,1,1,Nylon,low,Hazardous
29.005654506492956,17.809172307445507,0.21495276308525882,0.014521766490582408,165,151,5,Brown,1,0,1,0,Wool,medium,Repairable
16.799555303739787,8.120506489375833,1.0599028497171416e-05,0.3974654153958429,7,127,122,Grey,0,0,0,1,Nylon,medium,Upcyclable
19.004611627772338,19.57990867992517,0.09388127549581297,0.025629180546973808,161,62,106,Green,0,0,0,0,Cotton,high,Reusable
16.61542540572904,10.267989636453862,0.1485567076587872,0.2221248772735309,72,251,87,Green,0,0,0,1,Cotton,medium,Upcyclable
18.12463238065174,6.631442598056079,0.03194152895710594,0.22673228800153827,88,224,238,Pink,0,0,0,1,Silk,high,Reusable
9.229799304838386,23.103933774264657,0.3951606526790136,0.40896563858200563,26,166,255,Yellow,0,0,1,1,Silk,low,Recyclable
6.479592939245645,22.552877310291922,0.3291471171769984,0.1249403000126554,168,139,149,Yellow,0,0,1,0,Silk,medium,Repairable
30.756040505799778,29.394484819382868,0.07064389515795447,0.2768274759174299,6,190,197,Beige,1,1,0,1,Polyester,medium,Upcyclable
11.224309213453378,14.82649316509881,0.01072366666349699,0.22215770633541154,31,102,243,Brown,0,0,0,1,Cotton,medium,Upcyclable
10.068861204349542,24.896634162041067,0.045356477216150194,0.49699381009291654,72,8,151,Green,0,0,0,1,Cotton,medium,Upcyclable
2.0,26.609570867283956,0.03943588745124893,0.03637481654581543,208,243,61,Yellow,0,1,0,0,Polyester,high,Reusable
12.888306018483982,25.337285693979137,0.6383551063792864,0.31156832616551633,98,78,169,Pink,0,1,1,1,Silk,low,Recyclable
7.415281652740013,10.092155806374294,0.01746990507404812,0.3340935997913793,111,86,247,Red,0,0,0,1,Cotton,medium,Upcyclable
31.13612128109095,21.792361787254265,0.0039455292287376076,0.007754341945842948,143,235,248,Green,1,0,0,0,Cotton,high,Reusable
26.078536714741073,24.369683552655935,0.04281051835229185,0.02942376389261262,129,108,149,Pink,1,0,0,0,Cotton,high,Upcyclable
12.49479723857821,20.086141602895303,0.6161253999273353,0.18674878736040865,170,21,209,White,0,0,1,1,Silk,low,Recyclable
36.01948644275447,0.5,0.7060022973578125,0.14079840592681772,30,35,143,Grey,1,0,1,0,Wool,medium,Repairable
25.854123895932755,21.92587548768176,0.56543076838942,0.30865992330931447,79,73,227,Yellow,1,0,1,1,Silk,low,Recyclable
15.40134893193102,46.55037247276691,0.01366382938141636,0.34203089292132444,174,155,243,Red,0,1,0,1,Polyester,medium,Upcyclable
2.0,15.679528774916207,0.00010079887841798251,0.23345299119635912,32,55,140,Pink,0,0,0,1,Silk,medium,Upcyclable
36.32754058072594,11.263074825736146,0.24657290557538683,0.00022164474980628223,212,98,119,Brown,1,0,1,0,Wool,medium,Repairable
6.883420265891232,24.480182716536778,0.9330344678608798,0.09961602789495369,144,247,36,Blue,0,0,1,0,Nylon,medium,Repairable
4.8368100243448655,23.74853852559886,0.677549089038424,0.06743316617362202,98,156,179,Red,0,0,1,0,Cotton,medium,Repairable
26.180563456077124,34.31282198499697,0.4339190274140018,0.07899891474828838,53,4,151,Black,1,1,1,0,Wool,medium,Repairable
37.51801925071418,4.905582129093347,0.05870559729604881,0.0580809363177882,53,3,124,White,1,0,0,0,Linen,high,Reusable
29.074182548084146,28.776563030899908,0.28692018165579786,0.16426605160498567,255,178,210,Green,1,1,1,1,Polyester,low,Reusable
22.51127296041888,27.08506473501756,0.10727189344753772,0.3065148439998938,178,14,241,Green,1,1,0,1,Polyester,medium,Upcyclable
22.758034733322287,18.294241556713448,0.0011682443361977768,0.302128606411247,179,221,211,White,1,0,0,1,Linen,medium,Upcyclable
24.827324470242463,24.06424781506028,0.5747553580794184,0.5156888451612475,134,187,218,Green,1,0,1,1,Cotton,low,Recyclable
24.071428718294122,32.353489779180286,0.029651150081310116,0.026751424982033235,181,25,16,Blue,1,1,0,0,Denim,low,Recyclable
20.249531391755006,30.467784560341403,0.007307128533135167,0.559961127489544,220,22,15,Grey,0,1,0,1,Polyester,medium,Upcyclable
18.83360883161501,6.283768255115255,0.006918179746618678,0.6939728414425872,138,124,128,Green,0,0,0,1,Cotton,medium,Upcyclable
17.499254976803822,29.841898241065813,0.48840247717671553,0.14303402353322017,189,102,84,White,0,1,1,0,Polyester,medium,Repairable
11.96828328906659,19.223736739609777,0.41865108352561614,0.3576858757403057,29,28,124,Green,0,0,1,1,Cotton,low,Recyclable
15.754599385065807,20.874489176186184,0.6955448410237323,0.6168801939852214,81,85,218,Red,0,0,1,1,Cotton,low,Recyclable
4.456345486436916,20.878363892020335,0.0019669129576817303,0.32810944786588525,56,226,0,White,0,0,0,1,Silk,medium,Upcyclable
17.213282985642,18.19708413442088,0.1554454494606994,0.2262205938085698,173,56,29,Red,0,0,0,1,Cotton,medium,Upcyclable
10.09127114279266,34.30048996528478,0.036915523973989714,3.842504445845102e-06,207,61,211,Blue,0,1,0,0,Polyester,high,Reusable
9.171285462273833,18.995384481809456,0.0989834825854912,0.017307382623988964,69,186,23,Pink,0,0,0,0,Silk,high,Reusable
19.43915320922783,6.565446459401976,0.5168041083913296,0.005224246797647211,65,47,45,Black,0,0,1,0,Cotton,medium,Hazardous
29.136018290756795,15.277641728363253,0.0668875682353343,0.0010949110961121125,182,110,247,Black,1,0,0,0,Wool,high,Reusable
25.346532848018505,22.14433660172571,0.5737640344812629,0.02592371361619523,234,209,1,White,1,0,1,0,Linen,medium,Repairable
5.435995171014584,34.750577411564606,0.5957606769403266,0.022350888197959516,106,34,142,Blue,0,1,1,0,Cotton,medium,Repairable
10.0829749074373,27.237136219386002,0.08606102216452668,0.3526616028252626,185,45,28,Green,0,1,0,1,Polyester,medium,Upcyclable
25.526169503905727,9.793576655035473,0.1363533740577364,0.11184106386379421,9,32,98,Yellow,1,0,0,0,Polyester,low,Recyclable
10.140100851693523,49.8222790001467,0.06334983277275462,0.41317239608373646,131,70,61,Yellow,0,1,0,1,Polyester,medium,Upcyclable
16.202934800023804,23.177303731735755,0.006965408224390413,0.1880142387823441,240,225,12,White,0,0,0,1,Silk,medium,Upcyclable
22.400416792196417,35.304688855988175,0.0001331899429069165,0.5770329653080952,73,9,210,Grey,1,1,0,1,Wool,medium,Upcyclable
10.253244361090918,18.17942679707325,0.14424548338997636,0.055364145460076127,72,215,64,Grey,0,0,0,0,Nylon,high,Reusable
18.84300404916768,26.40031093646539,0.40878908506665423,0.7393849139463637,61,216,44,White,0,1,1,1,Polyester,low,Recyclable
7.3277960406543645,30.073622054220856,0.31298283846626523,0.006012336541190652,108,175,46,Red,0,1,1,0,Polyester,medium,Repairable
13.18905884839029,34.61833654105107,0.1424016102234284,6.327503497672229e-05,170,43,15,Grey,0,1,0,0,Polyester,high,Reusable
20.558255473140296,32.6884196645387,0.17644596713621552,0.0002493086908173164,41,218,125,Grey,0,1,0,0,Polyester,high,Reusable
5.256050131746646,30.466364000875735,0.47923859847292527,0.6300004382128598,23,125,106,Grey,0,1,1,1,Polyester,low,Hazardous
21.523797903683192,16.218959225670694,0.15753952870443313,0.8893544510553589,4,113,2,Brown,0,0,0,1,Cotton,high,Reusable
17.84289760858655,13.139047496527263,0.25416386740817976,0.060406168540865814,98,197,103,Green,0,0,1,0,Cotton,medium,Repairable
22.41991963533718,23.99129012389037,0.34131698862895554,0.8315771589969643,195,122,197,Yellow,1,0,1,1,Cotton,low,Recyclable
19.79131307251729,31.197536868092833,0.3086126726555515,0.19330942831987746,98,62,94,Grey,0,1,1,1,Denim,low,Hazardous
28.913123439790752,17.327351590680713,0.032759885781497695,0.6388568564845345,233,48,132,Beige,1,0,0,1,Linen,medium,Upcyclable
19.001796021183257,32.78206358857264,0.6772206411813592,0.4144337811562086,119,199,153,Blue,0,1,1,1,Polyester,low,Recyclable
14.564755670997975,37.431400945834156,0.22928685419279562,0.0051399724549079625,76,84,91,White,0,1,1,0,Polyester,medium,Repairable
18.97838002425827,9.004148971118964,0.33425964758981913,0.6033001983877871,100,40,14,Grey,0,0,1,1,Nylon,low,Hazardous
22.346384232291104,9.956951554444641,0.47108014448098023,0.12037370065142415,95,210,200,Red,1,0,1,0,Cotton,medium,Repairable
18.390880562605634,18.315499293135964,0.4683652365754236,0.03065493447594226,172,97,253,Blue,0,0,1,0,Nylon,medium,Repairable
18.324733529631057,23.691352018270358,0.12250870917021943,0.1482424597583266,186,38,182,Black,0,0,0,0,Cotton,high,Reusable
12.384066497545957,13.705195834795388,0.00010112228965944084,0.4940033947976191,119,106,149,Black,0,0,0,1,Cotton,medium,Upcyclable
12.696792659592415,36.226432146405735,0.20084579543461792,0.732692632977482,64,150,36,Green,0,1,1,1,Polyester,medium,Upcyclable
6.779157825602452,25.088802338221413,0.11457246748989644,0.05546058984913948,190,12,212,Beige,0,1,0,0,Polyester,high,Reusable
31.996613945495515,20.473364578888873,0.27753181014470657,0.00710851410797466,120,105,233,Green,1,0,1,0,Cotton,medium,Repairable
8.04909411686972,2.7690857135776703,0.5568390103273116,0.2522057334198711,202,110,248,Red,0,0,1,1,Cotton,low,Recyclable
12.456758417632741,4.210210202869915,0.29834568007560497,0.6443886013122928,89,180,156,Green,0,0,1,1,Cotton,low,Recyclable
12.252741875446421,23.372111003381676,0.05446029290998039,0.017703616624866417,194,230,153,Beige,0,0,0,0,Cotton,high,Reusable
25.159395015555532,0.5,0.8114870012538428,0.36434441213724345,176,219,69,Blue,1,0,1,1,Denim,low,Recyclable
15.640402573663778,32.15164891572886,0.008374788396731473,0.007390830540735512,114,69,251,White,0,1,0,0,Polyester,high,Reusable
27.98193658138987,18.102153867532156,0.14797800617337442,0.00044952941949514603,76,56,138,Grey,1,0,0,0,Wool,high,Reusable
12.612075006049052,58.917115635136796,0.5157655017115435,0.05473050924903047,31,75,99,Grey,0,1,1,0,Polyester,medium,Repairable
20.231953297790415,47.69499500739333,0.0685188438096821,0.2447456367008397,111,194,147,White,0,1,0,1,Polyester,medium,Upcyclable
11.317223573921941,17.8226111690298,0.36127840246857024,0.09015605113978452,177,175,235,Green,0,0,1,0,Cotton,medium,Repairable
35.161193022187106,18.72395596962422,0.026899640776954087,0.36385904950852993,214,19,83,Black,1,0,0,1,Wool,medium,Upcyclable
8.499212647763898,31.94697816802436,0.4384742789735849,0.4002171900413106,185,232,90,Black,0,1,1,1,Wool,low,Hazardous
20.47856568181622,40.43807131901645,0.03677505973809955,0.06621801860343816,51,233,197,Beige,0,1,0,0,Polyester,high,Reusable
23.070215047456788,0.5,0.8815479124649992,0.051970959154660504,22,61,32,Blue,1,0,1,0,Denim,medium,Repairable
21.310392779611988,0.5,0.5864841791488609,0.13676332032904998,242,172,120,Green,0,0,1,0,Cotton,medium,Hazardous
16.517698728978335,12.535582333347424,0.0016048664089900488,0.49017457344706405,29,62,29,Red,0,0,0,1,Cotton,medium,Upcyclable
16.96143440213259,26.99285099808637,0.6570555424564242,0.05343155176236403,69,135,177,Grey,0,1,1,0,Polyester,medium,Repairable
18.350491775832875,25.962483086091165,0.8981725317975884,0.033630756353263014,246,153,33,Red,0,1,1,0,Polyester,medium,Repairable
16.82398398697209,32.8372574598062,0.24799054040492,0.5697168523416261,70,37,132,Brown,0,1,1,1,Polyester,high,Reusable
25.711032934359277,5.603629659616303,0.06960529724697923,0.22924000206706222,110,91,207,Pink,1,0,0,1,Cotton,medium,Upcyclable
35.68418401273081,0.5,0.4041466886988826,0.05454259263502186,157,98,139,Beige,1,0,1,0,Linen,medium,Repairable
13.540065719937331,30.296170343625747,0.6420881898686209,0.21587108271736097,36,107,75,Beige,0,1,1,1,Polyester,low,Recyclable
7.0415761633673775,10.061644724417185,1.5313283018290038e-05,0.10125489678875253,47,104,74,Yellow,0,0,0,0,Silk,high,Reusable
17.29374361318996,0.5,0.23547684606401792,0.04520960492549461,159,168,51,Blue,0,0,1,0,Nylon,medium,Repairable
38.637674701234545,21.74076495151258,0.03508800066083562,0.3449793219027704,69,106,50,Yellow,1,0,0,1,Cotton,medium,Upcyclable
11.570603456242154,29.518108258624128,0.5878955984863441,0.05923534717431088,34,101,148,Yellow,0,1,1,0,Polyester,medium,Repairable
31.11293444355254,18.535314414544672,0.0038074458539088963,0.5388401223553327,223,129,198,Beige,1,0,0,1,Linen,medium,Upcyclable
31.421606512611525,14.50581936581013,0.0941045149486872,0.3596305042834315,203,6,57,Blue,1,0,0,1,Denim,medium,Upcyclable
13.571294066336044,18.087653214249123,0.8196015556253957,0.002006197320445082,67,126,97,Red,0,0,1,0,Cotton,medium,Repairable
22.551864633482204,15.553006851190606,0.4537278918935541,0.2636115356543464,159,104,124,Grey,1,0,1,1,Wool,low,Hazardous
31.027172985028304,3.8234346567179927,0.8058033609978579,0.002757320001552114,58,152,191,Pink,1,0,1,0,Cotton,medium,Repairable
14.966978072100103,11.423831876114818,0.21867815071464738,5.371917118003907e-05,117,50,92,Red,0,0,1,0,Cotton,medium,Repairable
16.371357119181106,26.255358860165774,0.23318500147368487,0.2149062266037025,162,49,133,Beige,0,1,1,1,Polyester,low,Recyclable
13.34655268841085,23.860142496518,0.14524522366066703,0.015733477930345744,254,223,227,Brown,0,0,0,0,Cotton,high,Reusable
9.881946154457065,22.016717671601842,0.07147534094422749,0.203873378529278,111,63,225,Green,0,0,0,1,Cotton,low,Recyclable
12.805779639471943,8.058218217759446,0.6318434402239628,0.17974678643133937,143,139,176,Beige,0,0,1,1,Cotton,low,Recyclable
8.208477865901948,17.821962054371994,0.06034989369107912,0.8266166193737371,118,180,199,Brown,0,0,0,1,Cotton,medium,Upcyclable
18.272667746073807,0.5,0.17125547628241009,0.02250587206793191,114,74,36,White,0,0,0,0,Silk,high,Reusable
11.840214151530866,22.141719966624677,0.06206126781302966,0.04083350782334375,206,9,137,Grey,0,0,0,0,Wool,high,Reusable
19.870287294325983,37.14629249376281,0.442565678472339,0.6957413395184808,104,188,207,White,0,1,1,1,Polyester,low,Recyclable
5.552834830370982,2.3104144154947335,0.09039164254504164,0.022043927732431086,179,182,193,Beige,0,0,0,0,Cotton,high,Reusable
20.647041857715656,12.968867920186936,0.24785455241727924,0.0006590137304000367,65,98,55,Brown,0,0,1,0,Cotton,medium,Repairable
24.668231692871398,23.949281344521555,0.6613032911086166,0.05025537723671526,5,235,82,Red,1,0,1,0,Cotton,medium,Repairable
2.0501148594283567,35.0341116131298,0.0770573194343691,0.062088763987274725,13,67,70,Beige,0,1,0,0,Polyester,high,Reusable
20.992452558780577,14.621304604398206,0.45543522364869354,0.10402541527974632,232,169,65,Green,0,0,1,0,Cotton,medium,Repairable
27.82135193978634,11.692996048809244,0.0027699922513370733,0.21662504307489905,156,65,44,Black,1,0,0,1,Wool,medium,Reusable
8.322871850470356,0.5,0.2942828618417321,0.22862263898428972,105,171,86,Grey,0,0,1,1,Nylon,low,Hazardous
31.380579094701627,21.241257551697277,0.20116097062303462,0.2538859511054683,153,27,94,Grey,1,0,1,1,Wool,low,Hazardous
21.352152074928362,44.50491248172493,0.45078847732613747,0.9149482545131522,17,106,195,Green,0,1,1,1,Polyester,low,Hazardous
12.35990515393273,23.32830154357611,0.06725951429709803,0.1943572379448186,238,109,191,Green,0,0,0,1,Cotton,medium,Upcyclable
17.55384737873835,19.73265224979544,0.10774520484667775,0.21687957201755745,3,110,143,Brown,0,0,0,1,Cotton,medium,Upcyclable
22.46661530017378,23.864987729203825,0.005491380247375845,0.1243455949208393,228,77,9,Pink,1,0,0,0,Cotton,high,Reusable
18.608043131299294,19.866895952616776,0.008899685400746182,0.5495070829135769,56,185,240,Grey,0,0,0,1,Nylon,medium,Upcyclable
22.310047939570953,10.243827532878441,0.586417155914988,0.032464858704464,118,252,148,Yellow,1,0,1,0,Cotton,medium,Repairable
10.63461125536507,29.879358988132463,0.730588731666065,0.2921142637846063,52,235,219,Red,0,1,1,1,Polyester,low,Recyclable
19.354886592288622,22.709138277341054,0.014757802172538319,0.00454310507807162,101,92,237,Red,0,0,0,0,Cotton,high,Reusable
6.6902840247601585,20.211359023203887,0.006803697628812958,0.030284066711865263,24,129,139,Red,0,0,0,0,Cotton,high,Reusable
17.1101915092104,8.295607672661001,0.26549502444256556,0.05706801058978533,174,182,12,White,0,0,1,0,Silk,medium,Repairable
10.768738868281682,35.64209518321711,0.08510102237402455,0.34190497394404695,179,33,253,Beige,0,1,0,1,Polyester,medium,Upcyclable
12.115760459281868,27.976432943997317,0.0002771641657511056,0.5760090956996805,253,224,243,Brown,0,1,0,1,Polyester,medium,Upcyclable
27.8887454016835,13.364949951592376,0.0999725917168761,0.6177932491961495,220,147,231,Blue,1,0,0,1,Denim,medium,Upcyclable
26.73048096475415,32.02189824418325,0.012640217823772053,0.03871429976808411,161,46,80,Grey,1,1,0,0,Wool,high,Reusable
22.873104967257415,14.029149939377515,0.4539721336812038,0.0030003430046380564,143,221,209,Brown,1,0,1,0,Wool,medium,Repairable
9.261497882619368,10.615958089867556,0.21089248807017913,0.01577201409354031,228,117,116,Red,0,0,1,0,Cotton,medium,Repairable
15.468732402441585,10.883562590236554,0.11458697627320816,0.004607427086006467,93,127,137,Yellow,0,0,0,0,Silk,high,Reusable
27.704781599833467,0.5,0.3075795247451806,0.003303987282832384,214,233,121,Blue,1,0,1,0,Denim,medium,Repairable
19.13373530911924,25.65850856501847,0.6651110482295594,0.06272899090887031,126,25,219,Beige,0,1,1,0,Polyester,medium,Repairable
36.55463631985356,0.5,0.16198636004610967,0.04194046062801133,123,83,140,Beige,1,0,0,0,Linen,high,Reusable
21.146542715154975,5.258674024810848,0.5600905335531502,0.5490892530588635,35,0,161,Black,0,0,1,1,Cotton,low,Hazardous
19.536392931920254,0.5,0.16616305732834033,0.05260225405076982,155,192,58,Grey,0,0,0,0,Nylon,high,Reusable
15.52706828637999,18.967163686509284,0.2635593367715574,0.22857118640401955,192,216,127,Grey,0,0,1,1,Nylon,low,Hazardous
19.06832723825826,18.196154476737536,0.7442326704707201,0.6421569320764474,71,96,48,Blue,0,0,1,1,Silk,high,Reusable
16.78024130895565,16.07964544176363,0.003387010652230963,0.02643098039979114,52,86,5,Green,0,0,0,0,Cotton,high,Reusable
23.664869413508725,7.489067663953085,0.021871242249756295,0.6828325870505659,169,74,11,Grey,1,0,0,1,Wool,medium,Upcyclable
25.653618534356674,5.933194958760319,0.9335099636811267,0.05199205029047744,78,251,28,Blue,1,0,1,0,Denim,medium,Repairable
11.712084315936405,25.57243836255889,0.09477124301303586,0.04443152479177593,97,251,76,Brown,0,1,0,0,Polyester,high,Reusable
7.350136371537776,13.393376819498148,0.005149867417059238,0.2484515962208843,146,107,123,Beige,0,0,0,1,Cotton,medium,Upcyclable
3.3103570151736275,23.796299858433738,0.5271772506083126,0.032580146400832136,43,14,25,Green,0,0,1,0,Cotton,medium,Repairable
22.06393061530035,9.37701576650933,0.17160486678592055,0.5035444336305835,29,141,67,Brown,1,0,0,1,Wool,medium,Upcyclable
9.173067150609011,22.17275291325299,0.03510381399390392,0.7149688778171688,73,54,206,Beige,0,0,0,1,Cotton,medium,Upcyclable
2.0,35.639336447792765,0.2183660338969072,0.4196282750583297,171,128,15,Brown,0,1,1,1,Polyester,low,Recyclable
21.108628836247714,27.033989604713398,0.12247192566872231,0.001579230980124089,249,32,52,Grey,0,1,0,0,Polyester,high,Reusable
37.94399613946233,15.051034181402235,0.02981267188730051,0.029768450508603432,116,69,146,Red,1,0,0,0,Cotton,high,Reusable
17.951432707680855,23.086387644271127,0.113560555168745,0.3572069053297143,154,55,174,Black,0,0,0,1,Cotton,medium,Upcyclable
24.707926195613133,17.112017905637444,0.43772180343235806,0.7925913028308168,83,22,217,Green,1,0,1,1,Cotton,low,Recyclable
18.65463486838052,20.094562216336737,0.017458886589220467,0.7285739222865609,216,53,159,White,0,0,0,1,Silk,medium,Upcyclable
17.208882774470858,16.092667374217957,0.8554471826161952,0.2411535934399301,72,89,69,Blue,0,0,1,1,Nylon,low,Recyclable
25.352611863902148,18.027977529375306,0.7135884915080906,0.4967508560052616,231,130,243,Blue,1,0,1,1,Denim,low,Recyclable
15.677803646490789,22.545120236890103,0.23198734268492277,0.4825210181861664,33,45,252,Blue,0,0,1,1,Nylon,low,Recyclable
20.139138512575222,8.079695605016592,0.7785247428787877,0.162866361819727,126,251,197,Red,0,0,1,1,Cotton,low,Recyclable
20.573582449568107,7.809454076120261,0.03677658452163184,0.3284237639968026,84,250,188,Brown,0,0,0,1,Cotton,medium,Upcyclable
12.65527637085561,3.337489354025468,0.009879364582000116,0.1368519025284956,253,246,4,Grey,0,0,0,0,Nylon,high,Reusable
25.936338796292183,0.7967467459554811,0.13525722983441973,0.13614338418124872,151,133,186,Green,1,0,0,0,Cotton,high,Reusable
16.60032194643673,5.392607693354247,0.11419331323095586,0.6350805889777011,55,231,129,Brown,0,0,0,1,Wool,medium,Upcyclable
11.954038724057241,21.91355008164955,0.2660452585672385,0.2967075318805156,6,243,243,Red,0,0,1,1,Nylon,low,Repairable
22.292078748563227,9.286549814097391,0.25422583053128456,0.028916042637620834,195,152,129,Beige,1,0,1,0,Linen,medium,Upcyclable
10.812256145671702,26.163373570773153,0.1469106942839199,0.214221769435896,50,238,228,Beige,0,1,0,1,Polyester,medium,Upcyclable
18.225449258953027,20.416564985030742,0.3972150252879623,0.0031194305520579834,135,16,2,White,0,0,1,0,Silk,low,Recyclable
17.92704802684637,0.5,0.009258374299145958,0.135884828167177,183,155,197,Yellow,0,0,0,0,Silk,high,Reusable
26.687164526652623,27.859707010660276,0.7736486340454788,0.025244547601492532,204,159,94,Pink,1,1,1,0,Polyester,medium,Repairable
21.79758586303962,29.72958374710052,0.1423859696444483,0.31749678839049106,57,92,42,White,0,1,0,1,Cotton,medium,Upcyclable
17.79978433003885,8.07364790198176,0.009728316838580423,0.7803565267159965,84,22,132,Grey,0,0,0,1,Nylon,medium,Upcyclable
24.542130393602296,25.042298514739898,0.06049567497582162,0.037858599519542895,226,232,177,Pink,1,1,0,0,Polyester,high,Reusable
29.12166039213851,9.722021151089614,0.4826645299188593,0.006601389830254349,68,143,237,Blue,1,0,1,0,Denim,medium,Repairable
22.462482450814896,21.172044520980023,0.26846123136553,0.1344375859241947,243,95,9,Blue,1,0,1,0,Cotton,medium,Repairable
18.082820958747046,4.826019116540412,0.3440737374247845,0.5173849477502751,7,153,154,Yellow,0,0,1,1,Silk,low,Recyclable
7.5053101411987235,0.5,0.2986117696963753,0.4154735818253072,193,253,23,Black,0,0,1,1,Cotton,low,Hazardous
9.47909069539702,15.406193724644375,0.08941851007679977,0.2822868951957799,250,160,21,White,0,0,0,1,Silk,medium,Upcyclable
15.558202365162659,18.515252644701967,0.28156301193455086,0.05827690968687584,151,185,88,Green,0,0,1,0,Cotton,medium,Reusable
13.123902382725735,15.227843676624751,0.06125695256823517,0.3742792572620288,169,175,2,Green,0,0,0,1,Cotton,medium,Hazardous
16.504229576116433,5.791633301329288,0.021869905072363853,0.011195892240725593,53,82,143,Blue,0,0,0,0,Nylon,high,Reusable
18.453199399176857,15.201211254426354,0.3242237799446772,0.4115244929332554,143,54,157,Beige,0,0,1,1,Cotton,low,Recyclable
22.237542034853846,23.23153703096881,0.31593172903042194,0.035339674477219626,131,168,111,Grey,1,0,1,0,Wool,medium,Hazardous
17.43600977552727,19.461283638529558,0.6886665180291119,0.642397368508727,58,61,170,Brown,0,0,1,1,Cotton,low,Recyclable
21.892013150609614,22.190012367190562,0.2370732089880765,0.49828974229653666,93,144,3,Green,0,0,1,1,Cotton,low,Recyclable
18.51579531848096,11.958617594549205,0.012614408865816117,0.5518093028541218,45,101,106,Beige,0,0,0,1,Cotton,medium,Upcyclable
2.1962674691690296,34.06061497659391,0.19785748810696796,0.3625700229051899,93,58,39,Brown,0,1,1,1,Polyester,low,Recyclable
10.485316849449966,5.885919961342633,0.019872755557597953,0.5754598979108319,98,141,15,Pink,0,0,0,1,Silk,medium,Upcyclable
16.847299554227078,25.850723565040624,0.8667570554673342,0.002777069855634219,233,209,246,Red,0,1,1,0,Polyester,medium,Repairable
8.32244205727114,34.18269311551954,0.4386181579416465,0.11392158350844342,12,148,231,Brown,0,1,1,0,Wool,medium,Repairable
22.799429839969637,25.770897112986745,0.8843441319700968,0.14574259415622481,36,190,104,Grey,1,1,1,0,Wool,medium,Repairable
30.24600665874958,17.56970927522204,0.6179187276144688,0.0505952313435888,181,173,237,Green,1,0,1,0,Cotton,medium,Repairable
27.750094813578535,13.66043544004425,0.04395235400071198,0.23375129371778894,176,54,71,Red,1,0,0,1,Cotton,medium,Compostable
16.292457032558335,32.43305181255507,0.37140799679787206,0.7237189287461065,240,61,87,Yellow,0,1,1,1,Polyester,low,Recyclable
29.925809094799618,2.9243008968599256,0.5623578748168971,0.0447279371529194,74,166,15,Brown,1,0,1,0,Wool,medium,Repairable
19.18933965761689,8.358508875444276,0.020464689695443728,0.009944966209292631,57,169,117,Red,0,0,0,0,Cotton,high,Reusable
15.303312231055685,15.229306814099344,0.13225164685196752,0.13442350604582773,18,47,90,Red,0,0,0,0,Cotton,low,Compostable
13.092778691672482,34.85184509014398,0.018010742774398788,0.1051757159165783,145,102,193,Blue,0,1,0,0,Polyester,high,Reusable
15.580242508094972,24.557211632490752,0.556166101013714,0.21229258312624047,187,27,251,Black,0,0,1,1,Cotton,low,Hazardous
14.89458545167017,8.383450897877056,0.16625031180300084,0.0074746076885675704,144,83,182,Brown,0,0,0,0,Cotton,high,Reusable
19.3633297790039,16.276307535381157,0.1513615742814523,0.17602195868822373,138,251,19,Black,0,0,0,1,Silk,medium,Upcyclable
19.284591848398918,12.628122270844468,0.27420153118617063,0.21667201405475278,142,133,178,Green,0,0,1,1,Cotton,low,Recyclable
18.024368161227315,11.482532093197579,0.0021271569250981017,0.821388797248751,199,58,211,Beige,0,0,0,1,Cotton,medium,Upcyclable
21.4955053579708,31.74667470268135,0.056169361157555935,0.005467014692509097,107,89,83,Beige,0,1,0,0,Polyester,high,Reusable
27.52517019829073,3.539082448837931,0.15205812761411683,0.4007696822141356,220,69,82,Green,1,0,0,1,Cotton,medium,Upcyclable
25.59643308353059,39.30537026881248,0.020004368884148194,0.015718739948666186,144,166,184,Brown,1,1,0,0,Wool,high,Reusable
6.120816252400772,29.938756282215472,0.2712946231273841,0.09076566555193592,89,184,125,Pink,0,1,1,0,Polyester,medium,Repairable
2.0,33.090340047244375,0.1484544835275082,0.4901399738866023,253,181,50,Grey,0,1,0,1,Polyester,medium,Upcyclable
25.47455928991419,14.4447258556969,0.5530601523597354,0.3712395576266339,119,59,17,Black,1,0,1,1,Wool,low,Hazardous
7.064970412676631,18.200711371050687,0.00014324157171520193,0.4366640004869628,4,217,204,Brown,0,0,0,1,Polyester,medium,Upcyclable
16.20187678485853,2.8021782257034573,0.045999149419671315,0.6678948461197796,188,144,80,White,0,0,0,1,Silk,medium,Hazardous
8.639095791525124,13.704051115198364,0.016346274885760417,0.021092688347374617,131,167,186,Blue,0,0,0,0,Nylon,high,Reusable
3.5841564993598425,25.92385817171781,0.24018759502053186,0.5124916700784037,55,65,96,Black,0,1,1,1,Polyester,low,Hazardous
22.331701825638305,35.552756741376754,0.0586496576518093,0.6328186576154688,254,114,116,Brown,1,1,0,1,Wool,medium,Upcyclable
24.073241282421176,6.7141181983705795,0.31797322722880306,0.1637147607210244,215,123,123,Red,1,0,1,1,Cotton,low,Recyclable
13.387916794186244,15.61392875617681,0.028263650255575836,0.3813449180481983,202,212,27,Pink,0,0,0,1,Silk,medium,Hazardous
2.0,18.18440935720973,0.10677980027617902,0.15050989948598187,221,181,196,Blue,0,0,0,1,Nylon,medium,Upcyclable
13.630044413980137,3.25052957369018,0.3490354536548539,0.3653481972428032,103,70,155,Green,0,0,1,1,Cotton,low,Recyclable
21.13443204322037,27.096190901100805,0.4476424338832979,0.12389299408726132,47,43,88,Black,0,1,1,0,Wool,medium,Repairable
6.16870744980697,11.312116019088691,0.5882423052707643,0.16913823031328076,47,83,211,Pink,0,0,1,1,Silk,low,Recyclable
19.466879358233246,17.65531578587571,0.016161058064254958,0.8328196057593156,162,194,212,Beige,0,0,0,1,Cotton,medium,Upcyclable
17.877521206616034,14.576607537057468,0.4634693690706837,0.40724642479064166,235,56,140,Red,0,0,1,1,Cotton,low,Recyclable
22.634331996808708,10.527937931363908,0.6837074593779133,0.3116262580700545,247,35,5,White,1,0,1,1,Linen,low,Recyclable
18.956642947313227,19.915460174233342,0.8212196523184624,0.6477326388530713,108,56,156,Blue,0,0,1,1,Nylon,low,Recyclable
10.215448472947557,17.41268505718373,0.45567839652731457,0.13344347143593463,160,120,105,Green,0,0,1,0,Cotton,medium,Repairable
27.57257201331593,15.537705412656013,0.3521261384284919,0.10059220120075088,252,170,118,Green,1,0,1,0,Cotton,medium,Repairable
16.73176341578424,11.258460539835887,0.9540811468383293,0.32764361333195596,99,43,136,Red,0,0,1,1,Cotton,low,Recyclable
17.781563683920545,23.834296049395466,0.9457828625623513,0.400299991988146,20,61,28,Pink,0,0,1,1,Silk,low,Recyclable
10.533856327414432,39.84340722190742,0.6579839021801895,0.2921181903346818,101,114,165,Green,0,1,1,1,Polyester,low,Recyclable
14.453741990467918,21.67864679406953,0.035467999104027925,0.008977796071992153,4,82,64,Blue,0,0,0,0,Nylon,high,Reusable
10.921578287784794,31.953418578933547,0.0054004939065786925,0.7352982181354073,191,60,55,Grey,0,1,0,1,Polyester,medium,Upcyclable
16.616431520612615,3.317336898158448,0.04179886383643925,0.832543241687975,196,93,29,Green,0,0,0,1,Cotton,medium,Upcyclable
31.693667841138748,21.893137271525234,0.6370559445412,0.5793261500367557,148,10,113,Beige,1,0,1,1,Linen,low,Recyclable
7.024790856549149,6.831580172347202,0.0009838697056099648,0.25518992968156246,88,76,95,Pink,0,0,0,1,Silk,medium,Upcyclable
5.091508816986071,2.276900869617183,0.05359745009944849,0.32172971957955937,73,119,120,Brown,0,0,0,1,Cotton,medium,Upcyclable
29.76936261994887,11.127543110491565,0.04925346132663662,0.04991732643882853,121,160,186,Red,1,0,0,0,Cotton,high,Reusable
16.32541058278507,34.302792012962875,0.07753947159002289,0.8136577115198642,210,101,214,Beige,0,1,0,1,Polyester,medium,Upcyclable
12.647418090720667,31.40018994403575,0.2837825740733506,0.9588562891660943,159,245,230,Black,0,1,1,1,Polyester,low,Hazardous
26.31923749916861,22.916056664652796,0.08542614255433897,0.013828073096273086,145,120,57,Green,1,0,0,0,Cotton,high,Reusable
13.155075682105087,1.6075932813208311,0.39132242067479905,0.31127403459534414,57,111,137,White,0,0,1,1,Denim,low,Recyclable
32.60807770837549,17.644632183344758,0.4016023780250678,0.07794325548205105,97,65,235,Beige,1,0,1,0,Linen,medium,Repairable
23.423406970714154,23.620400106820828,0.18531303624278053,0.0025453317595710272,239,109,148,Grey,1,0,1,0,Wool,medium,Repairable
14.09670873483438,22.106434754943173,0.007717294508265638,0.06280494655585679,78,119,183,Black,0,0,0,0,Cotton,high,Reusable
35.25846570612403,0.5,0.19524992100129313,0.4343590652914959,151,22,25,Blue,1,0,1,1,Denim,low,Recyclable
13.154280615973292,9.316185823761538,0.24901322954906568,0.023406771587772154,4,241,14,Black,0,0,1,0,Cotton,medium,Repairable
23.936762976074455,19.2310668302154,0.2684021978413423,0.017799725262414433,126,176,208,Grey,1,0,1,0,Wool,medium,Repairable
20.394340643251937,26.43549091420628,0.5261325002913375,0.045758015001618024,180,147,162,Yellow,0,1,1,0,Polyester,medium,Repairable
28.413930315190385,0.5,0.4632948178490476,0.006907628335102197,245,241,88,Red,1,0,1,0,Cotton,medium,Upcyclable
30.492089573814823,18.0545122942417,0.7337594045694517,0.21884852136943006,95,242,14,Yellow,1,0,1,1,Cotton,low,Recyclable
18.256033192526132,21.716585238547427,0.130871310893455,0.2040630321872242,200,221,96,Yellow,0,0,0,1,Silk,medium,Upcyclable
11.972657037230533,30.195343862194555,0.3815890607622868,0.24136214035512976,182,14,74,White,0,1,1,1,Polyester,low,Recyclable
21.679777143512933,28.31429101084924,0.13317721939309876,0.11412266025307055,132,193,87,Green,0,1,0,0,Polyester,high,Reusable
12.578277041983151,26.990855825705662,0.07071689489213144,0.18472452527231106,196,29,5,White,0,1,0,1,Polyester,medium,Upcyclable
34.107097980212984,10.40071391957679,0.003940063853235193,0.2799223808390661,121,216,155,Black,1,0,0,1,Wool,medium,Upcyclable
19.0922826486619,0.5,0.0022854458629739493,0.5344433639309167,168,3,62,Brown,0,0,0,1,Cotton,medium,Upcyclable
15.077427589503131,15.283366915263189,0.34026391548455925,0.044761753749380837,232,63,28,Black,0,0,1,0,Cotton,medium,Repairable
19.477442446919266,32.01958190250272,0.03242999500600189,0.25388208878147245,97,64,47,Red,0,1,0,1,Polyester,medium,Upcyclable
7.222989683762428,36.72145433029318,0.2611177947264614,0.8274578748691217,134,7,190,Green,0,1,1,1,Polyester,high,Reusable
10.227087691914788,28.526589227573425,0.13639545848327023,0.564450521520277,89,51,185,Pink,0,1,0,1,Polyester,medium,Upcyclable
27.603311263555405,25.152089873620813,0.3539348784205095,0.42174455497811014,128,255,148,Brown,1,1,1,1,Wool,low,Recyclable
12.744845768228835,24.555675780631585,0.44882667186641134,0.01604709758568961,51,141,203,Green,0,0,1,0,Cotton,medium,Repairable
9.624712138544483,13.326575038870633,0.026941365783930697,0.02393267311253523,97,57,21,Pink,0,0,0,0,Silk,high,Repairable
22.293222020218288,18.43927647735656,0.5617078163580076,0.18297188642929416,25,10,26,Yellow,1,0,1,1,Cotton,low,Recyclable
27.485633237303976,40.02883430991597,0.01373203762428872,0.0009927148211863628,120,58,84,Blue,1,1,0,0,Denim,high,Reusable
23.751626485320536,8.689303930497484,0.15149479262194743,0.079698878557897,223,23,78,Green,1,0,0,0,Cotton,high,Reusable
25.968381486446532,39.377345488518216,0.298565708710575,0.10926004174444084,190,87,184,Pink,1,1,1,0,Polyester,medium,Repairable
11.945639291444314,16.1356621460953,0.11633377291296944,0.5761546648841,11,159,209,Grey,0,0,0,1,Nylon,medium,Upcyclable
6.62551466606525,35.90518530914094,0.29664398315268337,0.20992864756765695,69,216,137,Brown,0,1,1,1,Polyester,low,Recyclable
30.010669215643894,3.118219886029543,0.019018641199946958,0.0014691533106572163,83,45,21,White,1,0,0,0,Linen,high,Reusable
15.418561289262914,27.03085041397579,0.4462447728389863,0.2604128819161457,18,27,171,Green,0,1,1,1,Polyester,high,Reusable
15.99333586835962,11.158758368628536,0.051874031497346526,0.08866510661121661,207,15,83,Brown,0,0,0,0,Cotton,high,Reusable
28.62555313479246,3.016793696909751,0.3668033800695754,0.5305342665572371,131,41,255,Red,1,0,1,1,Cotton,low,Recyclable
22.44984007520528,22.622408508931347,0.5160260036651078,0.6573149850447108,95,102,82,Blue,1,0,1,1,Denim,low,Recyclable
21.64710217665286,32.11366146315163,0.4039204863690376,2.127801904036676e-05,209,15,155,Beige,0,1,1,0,Polyester,medium,Repairable
35.32001875920867,9.860702736878043,2.994754678881038e-06,0.010002011621275857,4,99,228,Grey,1,0,0,0,Wool,high,Reusable
12.851854156958856,2.0118084744991833,0.1668682062016208,0.7973160560511496,120,139,49,Red,0,0,0,1,Wool,medium,Upcyclable
25.422721024649896,18.89786282798054,0.18100570570960126,0.25210559350396344,127,203,178,White,1,0,1,1,Nylon,low,Recyclable
18.456104999176677,18.950776054673828,0.08085122764686242,0.09695811740627072,53,189,246,Pink,0,0,0,0,Silk,high,Reusable
20.148738230906055,26.579835530653984,0.02507881815922683,0.09834861097666779,241,33,235,Red,0,1,0,0,Polyester,high,Reusable
30.227747411300253,31.395134856373858,0.2508350821815874,0.027746929515498852,197,37,128,Green,1,1,1,0,Polyester,medium,Repairable
22.06268605031699,19.28701782473007,0.8913298207357803,0.6148873286123255,184,126,161,Grey,1,0,1,1,Wool,low,Compostable
22.306368632397064,42.266039777531155,0.09370794806596082,0.05066182478310232,205,211,162,Brown,1,1,0,0,Silk,high,Reusable
26.580058698478418,22.690816934423502,0.10694673238088397,0.1725576377336245,179,174,217,Green,1,0,0,1,Cotton,medium,Upcyclable
15.080378163656917,15.842881927917205,0.4120336192654103,0.001386101764976741,240,206,60,Grey,0,0,1,0,Nylon,medium,Repairable
11.286322661287949,0.6611916907660671,0.4538540965803983,0.09511777006701481,17,21,29,Pink,0,0,1,0,Silk,medium,Repairable
9.641526447831732,16.848085756205986,0.34639998807126554,0.08398547325237155,63,79,75,Yellow,0,0,1,0,Silk,medium,Repairable
2.269147284991986,15.963356655066365,0.6861465999364299,0.03360159747974554,244,87,205,Yellow,0,0,1,0,Silk,medium,Repairable
34.44965703952258,31.523657555377646,0.001149569777883586,0.2934547728945635,137,2,230,Beige,1,1,0,1,Polyester,medium,Upcyclable
9.174333074226535,25.549803488802247,0.456793429117269,0.03035380909741373,22,0,195,White,0,1,1,0,Polyester,medium,Repairable
16.229971011313825,5.847570540408594,0.7126587915844287,0.014324819898423725,119,52,203,Black,0,0,1,0,Polyester,low,Recyclable
15.785493600888636,22.06705263693245,0.09226086151707032,0.13954111676080574,114,191,215,Blue,0,0,0,0,Nylon,high,Reusable
20.459253582472805,28.05837406074864,0.40482031778337074,0.10944114117880713,248,171,167,Red,0,1,1,0,Polyester,medium,Repairable
24.525897700314374,38.336376312654,0.0032111727833883585,0.1950562753099327,81,46,222,Pink,1,1,0,1,Polyester,medium,Upcyclable
24.883787906877963,30.650047608968713,0.15669188707253676,0.08785316837890497,195,242,192,Yellow,1,1,0,0,Polyester,high,Reusable
13.335380491448493,29.130159851737734,0.7502943990409884,0.024804821846616927,179,165,36,Pink,0,1,1,0,Polyester,medium,Repairable
16.663026289708707,20.721031935381962,0.23852544487497723,0.8602938329669226,95,190,191,Brown,0,0,1,1,Cotton,low,Recyclable
20.260639603906398,24.659744065081394,0.4634944362240687,0.01978272808159569,174,114,128,Brown,0,0,1,0,Cotton,medium,Repairable
16.010470990531623,34.99405880847391,0.22267828658801944,0.009510054283740955,197,208,142,Pink,0,1,1,0,Polyester,medium,Repairable
30.85876460815994,4.006671230244203,0.07748992515302176,0.2781387924533439,25,40,12,Pink,1,0,0,1,Cotton,medium,Upcyclable
21.92779961310601,15.80672807339653,0.6152002633589586,0.17420062290264968,197,148,156,White,0,0,1,1,Silk,low,Recyclable
23.879022288398538,10.729175014925111,0.0008566717681898833,0.25609897991519315,98,172,182,White,1,0,0,1,Linen,medium,Upcyclable
23.303050149339303,24.549837424713488,0.057513374576406116,0.41895331710521816,232,238,44,Pink,1,0,0,1,Cotton,medium,Upcyclable
27.3877908598826,34.76266610780945,0.1774825173056245,0.007390485628171755,170,239,3,Brown,1,1,0,0,Wool,high,Reusable
19.448172469629654,12.836308559347113,0.0895401619401234,0.0567062205460676,196,140,191,White,0,0,0,0,Silk,high,Reusable
7.625344416353228,0.5,5.610954173940628e-06,0.010246120100300493,190,193,14,Blue,0,0,0,0,Denim,high,Reusable
21.197503614021134,15.053351059706358,0.0492260945764268,0.4195917840005142,205,65,235,Red,0,0,0,1,Wool,medium,Upcyclable
12.789144849665368,30.961684784208877,0.6948808258282049,0.40948489830375073,65,42,103,Yellow,0,1,1,1,Polyester,high,Reusable
13.771066546001945,26.451558835398558,0.712576004988796,0.0006957644843353949,245,189,175,White,0,1,1,0,Polyester,medium,Repairable
22.690912150040745,25.138234973726913,0.02075492008622465,0.29672768182729115,242,88,203,White,1,1,0,1,Nylon,medium,Upcyclable
27.906264571469087,16.640080377506244,0.6371512765594239,0.2850973061130768,103,219,183,Beige,1,0,1,1,Linen,low,Recyclable
18.170172613888493,4.651631165362563,0.6533967367431169,0.1096933073030058,190,175,216,Grey,0,0,1,0,Nylon,medium,Repairable
20.47066410079171,26.18353185949361,0.008943748571177667,0.17452944383336547,140,112,90,Red,0,1,0,1,Polyester,medium,Upcyclable
31.617719557081905,9.988618279584504,0.6228403632819665,0.1646392769087081,178,25,197,Black,1,0,1,1,Wool,low,Hazardous
19.926025435908546,46.20916080056547,0.26940534044344155,0.5859663259319169,4,98,214,Beige,0,1,1,1,Polyester,low,Recyclable
38.813464913443156,26.84608650025419,0.7264567769085579,0.06873476898240419,174,219,142,Yellow,1,1,1,0,Polyester,medium,Repairable
22.524077165052354,13.032220369352586,0.13595302061073639,0.7892269739793821,163,60,38,Black,1,0,0,1,Wool,medium,Upcyclable
3.9138979267534584,12.663377031336461,0.4213660828353521,0.42389146322028814,163,124,196,Yellow,0,0,1,1,Silk,low,Recyclable
24.02673296883626,18.88466952063694,0.00033658252193576743,0.17403641480281784,177,249,214,Green,1,0,0,1,Cotton,medium,Upcyclable
21.049267079062222,17.125976935739004,0.152894394629308,0.3852744566590275,183,250,78,White,0,0,0,1,Silk,medium,Upcyclable
28.318022032661965,33.40200530635945,0.01917102020071084,0.32603511734014207,18,118,216,Yellow,1,1,0,1,Polyester,medium,Upcyclable
23.385450810159668,22.236994036928557,0.1803196938576829,0.15797322221766888,19,61,59,Brown,1,0,1,1,Wool,low,Recyclable
16.892352128129808,11.220419133097664,0.48144998353642127,0.05323985409356937,149,224,93,Green,0,0,1,0,Cotton,medium,Repairable
8.205614109685074,42.68528822186939,0.22165501906210727,0.0035143986605616667,30,81,171,Grey,0,1,1,0,Polyester,medium,Repairable
16.3278139417118,20.591699978242673,0.6391486996883161,0.25159102297591257,104,141,42,Beige,0,0,1,1,Cotton,low,Recyclable
11.195836366325599,29.22607611162676,0.1296824243628245,0.1877844923315447,238,181,131,Red,0,1,0,1,Linen,medium,Upcyclable
13.355812401562218,12.701281910662889,0.060015944810632764,0.0011921440956594582,189,168,76,Green,0,0,0,0,Polyester,high,Reusable
22.708627235364876,24.357387532934283,0.1397647839877998,0.8782852384227645,43,187,177,Pink,1,0,0,1,Cotton,medium,Upcyclable
31.35923603481125,23.733319893718342,0.11121702367970132,0.037671324537406264,195,136,231,Pink,1,0,0,0,Cotton,high,Reusable
21.15737223858385,0.5,0.09319875672175598,0.08869468571855904,194,43,38,Black,0,0,0,0,Cotton,high,Reusable
8.432935503718525,44.18330132552768,0.3971075239099378,0.006013174364101978,100,55,53,Red,0,1,1,0,Polyester,medium,Repairable
21.556821345761126,35.48773353107057,0.06953729382615674,0.6867091147499362,88,221,150,Beige,0,1,0,1,Polyester,medium,Upcyclable
27.573051893165207,15.233656206248149,0.05156094251027852,0.09014275981079133,48,2,187,Blue,1,0,0,0,Denim,high,Reusable
13.121736765444943,6.7727631145297345,0.30893071567302083,0.18866154038333022,228,97,207,Pink,0,0,1,1,Silk,low,Recyclable
16.927862666616658,24.170739365642625,0.7083684594694917,0.015437811832111218,58,96,162,Red,0,0,1,0,Cotton,medium,Repairable
18.117505557833578,21.04037239297276,0.01436243343923519,0.40392887016617374,131,90,53,Black,0,0,0,1,Cotton,medium,Upcyclable
11.72081349534208,24.268027382758753,0.03964048877052465,0.6572434517024546,116,58,185,Green,0,0,0,1,Cotton,medium,Upcyclable
23.186243470750874,22.298928754329076,0.38235425361364206,0.757545223520572,166,72,61,White,1,0,1,1,Linen,low,Recyclable
17.03241481113775,26.074891871671113,0.013035089931169462,0.10333244818242003,134,140,207,Yellow,0,1,0,0,Polyester,high,Reusable
21.356259551256223,37.367668392701674,0.12589880683698568,0.023488537466245303,198,157,175,Red,0,1,0,0,Polyester,high,Reusable
10.9000625775832,26.817238461543752,0.0035895015480298014,0.3607577937029736,176,52,134,Green,0,1,0,1,Polyester,medium,Upcyclable
14.500333597412716,7.404134013080707,0.00011660398037622102,0.08264888435959442,88,251,246,Yellow,0,0,0,0,Silk,high,Reusable
23.77905086262217,36.35075423254942,0.2088825863107001,0.5339847564061957,14,207,172,Red,1,1,1,1,Polyester,low,Recyclable
15.017334783265865,39.687374761859445,0.2532184488059391,0.06426189625017334,6,178,12,Blue,0,1,1,0,Polyester,medium,Repairable
31.81571080986724,57.82468081414502,0.0034106030031565743,0.13803788023809144,174,41,180,Beige,1,1,0,0,Polyester,high,Reusable
14.80291051508318,6.518071601124824,1.5781832080539721e-06,0.06659636965571326,115,153,114,Beige,0,0,0,0,Cotton,high,Reusable
19.797477806015088,22.9145841578033,0.0029798899650856944,0.4554962213800666,195,186,241,Red,0,0,0,1,Cotton,medium,Upcyclable
25.460726654984718,0.5,0.3275371683926939,0.012827496981698841,97,68,220,Beige,1,0,1,0,Linen,medium,Repairable
6.653074136535746,26.63778987655051,0.6445529972267797,0.17717398316747132,117,109,38,Green,0,1,1,1,Polyester,low,Recyclable
3.913529504153793,13.421596421998728,0.8394257466053536,0.04123135060922302,172,218,83,Blue,0,0,1,0,Nylon,medium,Upcyclable
5.794749483439242,43.08134953789944,0.014775813995219055,0.2594442154058956,107,206,241,Beige,0,1,0,1,Polyester,medium,Upcyclable
28.100672827417455,10.704620359777017,0.0444227881216271,0.06731626909209779,105,91,220,White,1,0,0,0,Linen,low,Compostable
13.585134832860426,0.5,0.6025706506624617,0.4634941958247708,146,2,247,Red,0,0,1,1,Denim,low,Recyclable
38.465594285346015,14.344835111569765,0.8843893348330988,0.7064008819404155,46,40,145,Blue,1,0,1,1,Denim,low,Recyclable
13.486019210740892,0.5,1.7802744322272857e-05,0.036603548851444005,240,124,149,White,0,0,0,0,Silk,high,Reusable
19.476410425576297,29.01319345408772,0.4253883196075879,0.24613651740806514,52,0,163,Blue,0,1,1,1,Polyester,low,Recyclable
30.336879620543005,0.5,0.010303923915928664,0.0022418981688105246,229,192,104,Red,1,0,0,0,Cotton,high,Reusable
34.04874310527298,20.341490974197907,0.27191080121051514,0.06542855396820096,154,114,180,Pink,1,0,1,0,Cotton,medium,Repairable
34.49202861309118,0.5,0.5890871275618077,0.39309748546720763,132,69,111,Blue,1,0,1,1,Denim,low,Recyclable
27.66692984474514,16.1564263455603,0.8206501754734482,0.857060214907177,244,202,227,Green,1,0,1,1,Cotton,low,Recyclable
26.1925002064917,39.72053786965441,0.06411886937387896,0.0628243273265612,59,125,71,Black,1,1,0,0,Wool,high,Reusable
22.740215593609463,24.32777469722954,0.06436375439701945,0.06880288827564526,249,49,2,Brown,1,0,0,0,Wool,high,Upcyclable
24.226888609333102,9.638076740420793,0.04302448530789686,0.5826025056516033,76,237,189,Green,1,0,0,1,Cotton,medium,Upcyclable
13.590514269371733,19.625558132730994,0.7577268650257868,0.7540457072730761,61,79,156,Brown,0,0,1,1,Cotton,low,Recyclable
11.454408932621543,20.21620246453336,0.07419619936696942,0.192349803045619,58,96,72,Grey,0,0,0,1,Nylon,medium,Reusable
17.973004340712382,25.67156415012087,0.011589376256081007,0.8997156179526804,237,215,7,Beige,0,1,0,1,Polyester,medium,Upcyclable
16.638523019800573,3.5976996406300827,0.5524871529948844,0.07524428722223588,188,58,221,Yellow,0,0,1,0,Polyester,medium,Repairable
14.374175605381799,27.11080728616797,0.40816994080926916,0.5323161589422046,55,223,75,Pink,0,1,1,1,Polyester,low,Recyclable
23.571099579653723,0.5,0.02097150572065259,0.0009553354367209328,77,73,173,Brown,1,0,0,0,Wool,high,Reusable
25.642441668564086,12.441385371634276,0.15423783773487015,0.00037218749389575747,221,62,91,Red,1,0,0,0,Cotton,high,Reusable
18.70725509033478,14.140713890581464,0.1581088360580057,0.011016819101619342,46,24,183,Pink,0,0,0,0,Silk,high,Reusable
29.820240648442095,27.59992191285486,0.26984044608721386,0.44352361612222946,175,137,105,Green,1,1,1,1,Polyester,low,Recyclable
8.86648708693196,20.27157023212243,0.16287089565459292,0.20205694837740204,137,76,244,White,0,0,0,1,Silk,medium,Upcyclable
16.450724325762256,3.133243353724559,0.34813390889750184,1.4057270311636642e-06,159,123,48,Pink,0,0,1,0,Silk,medium,Repairable
12.265421435177561,8.180082490195819,0.3980544748741211,0.022499954374909988,192,128,42,Pink,0,0,1,0,Silk,medium,Repairable
3.0677070634155204,22.384160114568882,0.8503242756249337,0.1630989459719732,23,98,137,Grey,0,0,1,1,Nylon,low,Hazardous
17.338554513258405,19.051191897625323,0.025894632627946994,0.6299700400800808,28,13,140,Yellow,0,0,0,1,Silk,medium,Upcyclable
17.026019932933732,13.050510684371043,0.004050267096798756,0.12486776207822818,234,148,184,Grey,0,0,0,0,Nylon,high,Reusable
30.107597945937048,14.229994525856249,0.3215841859616161,0.06899449427878739,134,239,1,Pink,1,0,1,0,Cotton,medium,Repairable
23.046493476438222,28.35401596591147,0.14756560381269895,0.4268863220866387,94,246,64,Grey,1,1,0,1,Wool,medium,Upcyclable
9.80650540536636,13.787689125569424,0.1518791479683793,0.023460456672881325,144,185,85,Yellow,0,0,0,0,Silk,high,Reusable
32.832740530673505,18.942905071651122,0.09493280157470954,0.5927439477885663,93,243,96,Beige,1,0,0,1,Linen,medium,Upcyclable
27.768269564202825,46.039239056966515,0.3168287684062051,0.04761667073960201,24,37,207,White,1,1,1,0,Polyester,medium,Repairable
22.656781627748927,2.9158083573929225,0.10538638242262198,0.006971903044403694,219,0,169,Green,1,0,0,0,Cotton,high,Reusable
16.188127209201344,0.5,0.2517800143106817,0.0068285200792354925,35,83,185,Black,0,0,1,0,Silk,medium,Repairable
10.324486106212163,29.40307597758328,0.015362613061347792,0.34575197412935643,188,247,220,Pink,0,1,0,1,Polyester,medium,Upcyclable
15.022345791431576,11.856283264470761,0.5369429530836444,0.00343863182320802,70,132,9,Pink,0,0,1,0,Silk,medium,Repairable
26.709988957633488,16.181149667088558,0.3412651196589244,0.3085544297353352,162,231,62,Black,1,0,1,1,Cotton,low,Hazardous
33.07669044747687,10.62612346242663,0.27665831441604927,0.06970485523933174,119,43,102,Yellow,1,0,1,0,Cotton,medium,Repairable
30.345948226177512,16.88239831078985,0.28653595097269347,0.07662084001381837,211,223,253,Black,1,0,1,0,Wool,medium,Repairable
14.089204625709808,39.182457345156095,0.0002845335233934058,0.08489810170137516,205,192,198,Black,0,1,0,0,Polyester,high,Reusable
9.04306053368791,29.62554150341743,0.20640917279605478,0.2657565366363356,241,236,60,Beige,0,1,1,1,Polyester,low,Recyclable
19.127089975289632,30.346682142643726,0.004635130727749723,0.07076265135119059,49,249,0,White,0,1,0,0,Linen,high,Reusable
3.852485075497187,3.005275330488253,0.071607037781878,0.11820368863895075,183,232,153,Pink,0,0,0,0,Silk,high,Reusable
20.58534171347825,6.186155161365569,0.7279829460109666,0.16346425796724337,221,243,236,Black,0,0,1,1,Cotton,low,Hazardous
16.81917930961065,0.5,0.07283988113776345,0.22151992855845282,247,56,4,Blue,0,0,0,1,Nylon,medium,Upcyclable
14.271707985054062,10.287430147006951,0.0072748711164262354,0.16439358020487319,127,255,34,White,0,0,0,1,Silk,medium,Upcyclable
5.242375461865636,31.4804382366279,0.019956258197824175,0.4669632121413066,192,247,124,White,0,1,0,1,Polyester,medium,Upcyclable
22.10880085255773,26.203358188980452,0.7523814525229642,0.30338268649251193,229,103,140,Blue,1,1,1,1,Denim,low,Recyclable
13.73839328270471,17.341840844574513,0.5741165467488685,0.1570572568883677,40,44,26,Beige,0,0,1,1,Cotton,low,Recyclable
8.640665314317696,19.732396595383364,0.021529363318011037,0.18077440705567852,24,59,139,Brown,0,0,0,1,Cotton,medium,Upcyclable
2.0,11.733373489095133,0.06804463023237788,0.21944129322607694,161,65,93,Grey,0,0,0,1,Nylon,medium,Upcyclable
17.77988075959491,22.45710658882141,0.09748060577549475,0.7124078705998363,135,222,49,White,0,0,0,1,Silk,medium,Upcyclable
32.17801277335795,29.190539353767377,0.08877435558432234,0.005057725854353926,55,46,223,Yellow,1,1,0,0,Polyester,high,Reusable
31.29007371638296,0.609358551074326,0.9275564055683639,0.002084532618128483,83,237,186,Red,1,0,1,0,Cotton,medium,Repairable
14.343229947309826,23.59577225404818,0.8416972330522114,0.7144326674740306,157,114,158,Yellow,0,0,1,1,Denim,low,Recyclable
13.182303517105755,31.189218451456007,0.3405849409991352,0.20267145654391877,67,25,68,Pink,0,1,1,1,Polyester,low,Recyclable
21.75019404860019,15.018796532439564,0.36209988993254016,0.7220189868813521,20,136,164,Green,0,0,1,1,Cotton,low,Recyclable
10.012916486493669,28.408407345447003,0.03961491734579717,0.03489475332187371,90,50,1,White,0,1,0,0,Polyester,high,Reusable
20.414335198555726,53.77585333367064,0.5890225433470359,0.002331094835974208,9,93,101,Black,0,1,1,0,Polyester,medium,Repairable
24.12864222707752,18.7478864841573,0.7959603633704964,0.6086327852260209,86,109,198,Grey,1,0,1,1,Wool,low,Hazardous
27.81546579107446,24.719684600063886,0.060998059971867524,0.01901376170264257,32,135,192,Brown,1,0,0,0,Wool,high,Reusable
17.198767388160377,11.143314996063301,0.0012509994319519551,0.1760817955835421,202,4,2,Red,0,0,0,1,Cotton,medium,Upcyclable
16.37060999858427,22.175013951224607,0.15998948886515224,0.005020956994783177,104,253,147,Red,0,0,0,0,Cotton,high,Reusable
10.976139305947513,25.523259499787645,0.1567933558672173,0.40643020076914405,82,38,129,Grey,0,1,0,1,Polyester,medium,Upcyclable
11.384957167681119,22.338108083241657,0.06796345418785708,0.18308986904082872,202,67,41,Yellow,0,0,0,1,Silk,medium,Upcyclable
16.188168864787787,7.763656163493719,0.13277841789294345,0.007157861046522972,3,39,42,Brown,0,0,0,0,Cotton,high,Reusable
20.938924054529423,22.47634125590541,0.08938894303183045,0.8452876913036868,22,35,20,Red,0,0,0,1,Cotton,medium,Upcyclable
25.308677009865995,37.546351264611644,0.0024667703896845547,0.5038898345948967,196,148,44,White,1,1,0,1,Nylon,medium,Upcyclable
11.574568394557241,25.383629174174327,0.04824457644249289,0.07402879916644645,52,253,223,Grey,0,1,0,0,Cotton,high,Reusable
29.941508551676172,31.54384626886209,0.29331607946797494,0.044180695107708626,112,96,239,Beige,1,1,1,0,Polyester,medium,Repairable
15.83101119165945,17.155856359848467,0.09621394383809667,0.54741656125278,241,25,19,Pink,0,0,0,1,Polyester,medium,Upcyclable
17.829061645212512,28.99880287308453,0.27937630740919617,0.24309256799569415,132,103,170,White,0,1,1,1,Polyester,low,Recyclable
12.022306566817413,23.351214058598313,0.3712949586101395,0.13781742540271502,17,102,177,Beige,0,0,1,0,Cotton,medium,Repairable
2.0,8.589071243753216,0.5387369124189852,0.03131904871185928,16,74,222,Red,0,0,1,0,Cotton,medium,Repairable
25.072363170888398,23.822252057586493,0.5130407665292969,0.08556159278043109,185,84,42,Yellow,1,0,1,0,Cotton,medium,Repairable
23.89475117673947,8.099640038716274,0.032505352943104394,0.5217952361893603,194,239,224,White,1,0,0,1,Linen,medium,Upcyclable
15.749379543054292,12.405436701382497,0.15468370092750325,0.2427968136445399,106,213,23,Black,0,0,0,1,Cotton,medium,Upcyclable
18.535925737798976,22.27193968750849,0.08168639441450018,0.00018158581481651502,112,112,81,Beige,0,0,0,0,Cotton,high,Reusable
22.127513741632796,23.566931280561487,0.14596859478609706,0.8405156502921386,121,55,83,Black,1,0,0,1,Wool,medium,Upcyclable
5.4996331449076585,5.729210419074452,0.010409739247192457,0.46459792837160274,199,56,59,Brown,0,0,0,1,Cotton,medium,Upcyclable
13.767578581229643,32.64782925419451,0.7231916538181791,0.21487389078443384,183,186,31,Green,0,1,1,1,Polyester,low,Recyclable
24.35411743697462,26.864075339605677,0.01633775226760634,0.004392282011435381,167,127,121,Grey,1,1,0,0,Wool,high,Reusable
7.965684614646005,11.543258772669393,0.1567710149201669,0.13844588433240565,86,100,4,Pink,0,0,0,0,Silk,high,Reusable
20.348463457333033,1.5489824426098977,0.1853892441376734,0.5651222646385191,214,249,129,Green,0,0,1,1,Cotton,low,Recyclable
7.14734556301276,18.261145051022822,0.02361311251277722,0.07128099439213033,1,134,153,Pink,0,0,0,0,Silk,high,Reusable
21.73143985946821,14.648675433666078,0.000881759506816737,0.8665779446295142,120,169,24,Grey,0,0,0,1,Nylon,medium,Upcyclable
17.71486814162013,21.357685484636274,0.7940000758632146,0.1686640896003416,102,140,177,Beige,0,0,1,1,Wool,low,Recyclable
5.078945472755924,15.642600066133202,0.14048029905700976,0.5842328621540508,148,83,85,Grey,0,0,0,1,Nylon,medium,Upcyclable
27.31791483565737,0.5,0.0016141949955109525,0.0002912144440995927,179,206,166,White,1,0,0,0,Linen,high,Reusable
12.123267385615605,15.3398367403861,0.12460496789474901,0.0009577716696511261,151,229,85,Grey,0,0,0,0,Nylon,high,Reusable
11.517980503884953,16.332570667180246,0.6537030507645581,0.3891006866569222,52,161,74,Grey,0,0,1,1,Silk,low,Hazardous
19.604553577847543,27.603932297288704,0.4491977124458507,0.5218160999147525,165,99,10,Brown,0,1,1,1,Silk,low,Recyclable
27.18909879542972,11.621603904667403,0.17292060793172992,0.07086217351866954,147,180,190,Blue,1,0,0,0,Denim,high,Reusable
9.873425448172824,40.144096080470796,0.2580968495799334,0.1781509657555336,49,45,251,White,0,1,1,1,Polyester,low,Recyclable
18.493438798783775,0.5,0.9944507020567318,0.15838299848280926,251,184,236,Yellow,0,0,1,1,Silk,low,Recyclable
21.430532002644583,35.734009973631494,0.004631574074522924,0.5389866180453741,166,60,67,Yellow,0,1,0,1,Polyester,medium,Upcyclable
23.54484485810515,17.308172349462744,0.18871394541515293,7.37390048793975e-05,59,216,96,Yellow,1,0,1,0,Cotton,medium,Repairable
19.4115324422178,30.315018468122673,0.09023281705288408,0.19377722653776888,113,55,145,Brown,0,1,0,1,Polyester,medium,Upcyclable
15.063777287333421,20.957617808704796,0.3552201871812756,0.04660749991926274,218,28,222,Yellow,0,0,1,0,Silk,medium,Repairable
11.379278234810243,33.67466643230563,0.39500208789014796,0.039269943577689065,107,110,107,Red,0,1,1,0,Polyester,medium,Repairable
18.689151064370996,15.351656425366265,4.312831360960343e-07,0.5590824296648047,38,91,121,Grey,0,0,0,1,Denim,medium,Upcyclable
9.422887904115145,6.816554897866254,0.07296153103099526,0.48186060627727373,70,141,155,Grey,0,0,0,1,Nylon,medium,Upcyclable
2.0,37.04605144725276,0.520509773202601,0.3948616884751688,127,195,41,Pink,0,1,1,1,Polyester,low,Recyclable
21.492478433261343,18.638232249414305,0.07459009068398116,0.020138851672180016,32,101,59,Brown,0,0,0,0,Cotton,high,Reusable
25.231478728689563,22.658701683490527,0.005934597061915076,0.16409881304281987,156,70,253,Green,1,0,0,1,Cotton,medium,Upcyclable
2.0,34.81702296853754,0.2325127903798768,0.017549577003636695,73,12,149,Blue,0,1,1,0,Polyester,medium,Repairable
9.9221543623205,7.616537094866782,0.4886121673476515,0.8673946032294821,9,144,167,Yellow,0,0,1,1,Silk,low,Recyclable
22.953234088041583,27.145890771671088,0.14844023730692177,0.02587630164229217,203,156,61,Grey,1,1,0,0,Wool,high,Reusable
34.459963757693586,12.921262922445308,0.24172873609488815,0.1916438863698621,194,80,254,Yellow,1,0,1,1,Cotton,low,Recyclable
18.166349661403263,18.413967732267537,0.0009345664201111924,0.17241538049337468,130,99,130,White,0,0,0,1,Silk,medium,Recyclable
12.175976470166924,20.867347584611466,0.1293347563323983,0.3323726942337814,204,82,70,Grey,0,0,0,1,Polyester,medium,Upcyclable
16.53682847116128,1.9973376626367667,0.35756919146101235,0.06484179480347099,108,217,190,White,0,0,1,0,Silk,medium,Repairable
28.99901135318548,10.653955486154782,0.49127190667890425,0.3397688315012368,158,115,120,Brown,1,0,1,1,Wool,low,Recyclable
12.832286567003717,36.21287470895767,0.01644212180591962,0.07788021916318542,26,236,19,Green,0,1,0,0,Polyester,high,Reusable
11.606463946797971,30.634294263017548,0.3225668588990616,0.025206934489832848,197,124,234,Green,0,1,1,0,Polyester,medium,Repairable
14.13805182254374,19.248325072073182,0.43672246068111703,0.05808713453704015,26,200,198,Yellow,0,0,1,0,Silk,medium,Repairable
10.373371133930302,22.91748150215472,0.7978742751984987,0.20473903522423273,226,1,70,Pink,0,0,1,1,Silk,low,Recyclable
18.981362527958364,16.469089932362508,0.1374461936822697,0.7495964271215376,251,61,220,Brown,0,0,0,1,Cotton,medium,Upcyclable
30.997427667756483,36.27900062993579,0.44222314040538374,0.4372223282502901,110,19,251,Pink,1,1,1,1,Polyester,low,Recyclable
20.584634184928234,17.595769066470034,0.09604102543628515,0.3698854182385692,8,214,153,Brown,0,0,0,1,Cotton,medium,Upcyclable
15.9811719829897,22.782105105618175,0.40511695463321284,0.0236421070507006,244,209,168,Pink,0,0,1,0,Silk,medium,Repairable
15.665509848675647,33.75236172970478,0.06456466573459183,0.03241709369767735,5,183,130,Grey,0,1,0,0,Polyester,high,Reusable
5.494473530426744,10.671542181849121,0.09611415396575329,0.011819325175888693,133,89,170,Grey,0,0,0,0,Nylon,high,Reusable
25.064878217177274,38.70547021396273,0.9470033687751498,0.10695882147364799,231,179,144,Green,1,1,1,0,Polyester,medium,Repairable
17.377302423897582,1.6344630830794777,0.013336526001618824,0.572415456477767,25,152,231,Grey,0,0,0,1,Nylon,medium,Upcyclable
16.556160691274997,39.555705573353585,0.3384929039350358,0.4923504361755818,42,61,83,Yellow,0,1,1,1,Polyester,low,Recyclable
43.54486054275888,15.527892992576305,0.29706882743054314,0.8101038769623041,18,16,97,Blue,1,0,1,1,Denim,low,Recyclable
20.39002326692549,17.087615026096618,0.8842788707196445,0.02932923505799199,15,38,180,Green,0,0,1,0,Cotton,medium,Repairable
11.985671599238525,0.5,0.21232377018563936,0.4618291477722987,104,240,179,Brown,0,0,1,1,Cotton,low,Recyclable
14.589139230355654,14.542463391467685,0.013051695564383533,0.2117915771826176,22,250,160,Green,0,0,0,1,Cotton,medium,Upcyclable
27.18756567357404,7.522321627677389,0.01902644841257803,0.3468474353619701,202,9,207,White,1,0,0,1,Linen,medium,Upcyclable
18.906163284302117,12.70824385551833,0.37921872945848734,0.0019515480001748176,207,186,59,Green,0,0,1,0,Cotton,medium,Repairable
6.493776173461066,18.352268410533444,0.6162727003549442,0.46998729724284233,156,152,214,Grey,0,0,1,1,Nylon,low,Hazardous
25.353831476601627,31.493499373674865,0.00876469667986842,0.2552726147466095,165,109,67,Brown,1,1,0,1,Wool,medium,Upcyclable
12.654847315688048,22.49124021680751,0.16684187920024868,0.1861470541798418,58,27,183,Yellow,0,0,0,1,Silk,medium,Upcyclable
32.98638220974036,23.692119840813366,0.08680585921068237,0.44747594504784616,240,217,104,White,1,0,0,1,Linen,medium,Upcyclable
26.640384525717188,6.853767333853252,0.4088362189990438,0.5002511095854153,47,203,191,White,1,0,1,1,Linen,low,Compostable
14.42142483472999,9.430950924767238,0.218488401990154,0.16498123783294447,147,60,231,White,0,0,1,1,Silk,low,Recyclable
28.248130893880905,41.584700220215744,0.003221233605399595,0.13317621641237348,20,57,224,Yellow,1,1,0,0,Polyester,high,Reusable
18.542844084219226,11.17758758284104,0.3187119753250799,0.14432967158499813,155,43,135,Beige,0,0,1,0,Cotton,medium,Repairable
24.822189400977756,39.87449902468755,0.15130614878366624,0.16778028939185047,177,240,196,Brown,1,1,0,1,Wool,medium,Upcyclable
21.8778625383558,17.083265613429603,0.0704850157942529,0.06685522402246016,32,82,160,White,0,0,0,0,Silk,high,Reusable
11.22914676007301,20.027455233722048,0.6498646497220908,0.6563591516724101,113,251,248,Black,0,0,1,1,Cotton,low,Hazardous
12.851601341460304,32.844381922759155,0.21437556251454332,0.0005246288737352988,39,150,152,Green,0,1,1,0,Polyester,medium,Repairable
26.239686540649288,35.26270906326388,0.8505143122075841,0.003740609784659522,217,205,198,Black,1,1,1,0,Wool,medium,Repairable
15.321797343147672,18.67024927665095,0.04158887458292754,0.5704056288614366,181,255,110,White,0,0,0,1,Silk,medium,Upcyclable
14.770812294064026,15.341083357741534,0.5142886092672126,0.43337637239897386,9,124,134,Grey,0,0,1,1,Nylon,low,Hazardous
10.359019365205176,19.328954617733444,0.08597041931650563,0.06860686028052462,161,144,58,White,0,0,0,0,Silk,high,Reusable
21.38879252474769,24.055490338785418,0.4345074624443711,0.18098608929554952,72,78,32,Green,0,0,1,1,Cotton,low,Recyclable
34.50019935394516,30.695644242437066,0.10589305540873702,0.3934323197513313,247,84,40,Grey,1,1,0,1,Wool,medium,Upcyclable
9.459736685965817,20.05075830792982,0.30759507410368936,0.04450994649829879,35,37,160,Pink,0,0,1,0,Silk,medium,Repairable
18.193755653382066,27.426635576277846,0.5681741571411648,0.3626727268327925,74,29,28,Brown,0,1,1,1,Polyester,low,Recyclable
29.297764443323434,39.66031678725129,0.020940101429762832,0.6547326259900724,201,146,254,Green,1,1,0,1,Polyester,medium,Repairable
17.36286887003428,24.575715347177415,0.5581981064924582,0.28021017802962633,237,31,235,Grey,0,0,1,1,Nylon,low,Hazardous
21.618974369997872,23.73983427205734,0.022810663566357713,0.6028126323247514,134,220,166,Green,0,0,0,1,Cotton,medium,Upcyclable
9.500851774824962,1.7730700989191845,0.08020554377433341,0.035504705758595545,114,213,184,Green,0,0,0,0,Cotton,high,Reusable
21.426456777661187,0.5,0.33412856330697105,0.7813723783691789,229,19,104,Beige,0,0,1,1,Cotton,low,Recyclable
16.50284587996361,24.66050875076202,0.33650754964224894,0.3487543825869873,15,101,223,Black,0,0,1,1,Cotton,low,Hazardous
25.885839965438905,18.862109224629535,0.7682200031283709,0.2153085273332751,178,229,100,White,1,0,1,1,Linen,low,Recyclable
27.49908841251801,13.822607901023098,0.04268237713321172,0.6957104525739578,217,63,235,Grey,1,0,0,1,Wool,medium,Upcyclable
38.716509136148915,22.922362450236136,0.32666434862689203,0.016460549849458165,223,35,220,Yellow,1,0,1,0,Cotton,medium,Repairable
22.637065385708606,19.275155249637102,0.036627596174002235,0.8964175811412207,188,192,63,White,1,0,0,1,Linen,medium,Upcyclable
20.60637053265733,33.53336300760678,0.20121960664661265,0.5329543235461758,158,210,85,Red,0,1,1,1,Polyester,low,Recyclable
19.555074412618687,21.033330419107735,0.07634525723034961,0.49353257671519035,242,170,65,White,0,0,0,1,Silk,high,Reusable
15.174669657514492,11.03692057915799,0.004852236515417203,0.07314694447405175,159,25,113,Yellow,0,0,0,0,Silk,high,Reusable
20.70787074769353,31.881994867511466,0.7886123802327358,0.45944336440648537,44,6,121,Yellow,0,1,1,1,Polyester,low,Recyclable
15.636788718887765,17.394427100645572,0.188005856645582,0.30757534419475907,203,33,8,Pink,0,0,1,1,Silk,low,Recyclable
19.347687810156913,26.318440204067684,0.37569118737577006,0.11204908688737952,26,163,28,Green,0,1,1,0,Polyester,medium,Repairable
28.54078028486368,14.271071525686395,0.07162519451021855,0.07236776621280819,248,133,96,Black,1,0,0,0,Wool,high,Reusable
9.94765947776287,12.202077374030763,0.8671464117895056,0.3789364604969863,21,164,73,Blue,0,0,1,1,Nylon,low,Recyclable
27.119028489032363,21.010018762228356,0.01520175291521758,0.7389067789325116,142,61,123,White,1,0,0,1,Nylon,medium,Upcyclable
28.536920538718924,20.15394372252422,0.05994308859520568,0.04446619283540936,7,85,155,Pink,1,0,0,0,Cotton,high,Reusable
17.05545178407137,25.757924424401995,0.045258924646625814,0.10072633670439551,255,244,109,Grey,0,1,0,0,Polyester,high,Reusable
2.0,16.77625096028309,0.008493064068605113,0.727134075255571,195,72,52,Red,0,0,0,1,Cotton,medium,Upcyclable
13.137424103244541,0.5,0.35943909407741564,0.44963759800232744,115,234,173,Beige,0,0,1,1,Cotton,low,Hazardous
28.375956372488872,14.806713396939337,0.14007683402541932,0.03257213128952006,135,127,166,Grey,1,0,0,0,Wool,high,Reusable
17.817055501608944,29.52582160572579,0.2632683701069327,0.004132963068456094,86,59,75,Beige,0,1,1,0,Polyester,medium,Repairable
10.005582141640714,16.431487049082723,0.09804108918913507,0.19289446158931148,116,220,57,Pink,0,0,0,1,Silk,medium,Upcyclable
13.96180063017426,17.043399169825424,0.07559695608593404,0.7721939829265871,15,63,213,White,0,0,0,1,Silk,medium,Upcyclable
24.724960212036425,31.836518070871243,0.7728463203442508,0.006650370290802859,175,177,181,Green,1,1,1,0,Polyester,medium,Repairable
22.373868545611035,11.456321272892927,0.1645718292643623,0.18447574198761824,161,51,133,White,1,0,0,1,Linen,medium,Upcyclable
16.088543206642445,1.486361381085203,0.0013145123635163822,0.021037504786864097,213,144,44,White,0,0,0,0,Silk,high,Reusable
15.0654047054825,18.072426565694066,0.06602083778008926,0.26008575935206,112,59,167,Grey,0,0,0,1,Nylon,medium,Upcyclable
14.865934807649424,14.189912585015156,0.20220240565475578,0.32445864593746293,214,76,150,Yellow,0,0,1,1,Wool,low,Recyclable
10.62071852401198,8.405044162960952,0.01837246330581012,0.24785323112626273,254,118,116,Yellow,0,0,0,1,Silk,medium,Upcyclable
30.923005515755534,17.895458529215713,0.10671679242866959,0.020675330782762073,56,208,121,Yellow,1,0,0,0,Cotton,high,Reusable
15.42143624630928,25.898067766961404,0.08594395654475284,0.25165116753975353,132,181,225,Yellow,0,1,0,1,Denim,medium,Upcyclable
27.73726816660397,19.88853726118621,0.14545034739907428,0.036273063820471414,228,249,169,Pink,1,0,0,0,Cotton,high,Reusable
30.17052841537961,23.683772872234854,0.7519381692714526,0.14127840385703477,43,137,165,Black,1,0,1,0,Wool,medium,Repairable
25.986487185183684,41.76089238218508,0.40043921256137993,0.10970194244112891,70,124,143,Pink,1,1,1,0,Polyester,medium,Repairable
14.547037498255612,15.885453661309231,0.03177083947143045,0.01612946329123061,36,152,73,Brown,0,0,0,0,Cotton,high,Reusable
21.229840722692877,23.340183615736034,0.06953773931365595,0.07290420126501848,217,17,174,Yellow,0,0,0,0,Silk,high,Reusable
17.80643514887267,13.889439648810386,0.03602501889883123,0.022366960286122343,123,63,148,White,0,0,0,0,Silk,high,Compostable
10.770385114158975,9.843683361356325,0.034840940150497275,0.0833423653674265,27,240,243,Brown,0,0,0,0,Polyester,high,Reusable
20.594874253772822,12.981108158986762,0.5559606217644594,0.01697868659730537,255,235,73,Pink,0,0,1,0,Silk,medium,Repairable
8.56768167072158,14.254897141739738,0.05949879762548684,0.48285846933597437,67,78,202,Red,0,0,0,1,Cotton,medium,Upcyclable
27.501435107692508,24.313709570565507,0.6073797580465429,0.4910682212711313,112,58,148,Green,1,0,1,1,Cotton,low,Recyclable
14.283061621612855,48.18890944040909,0.6020011502462504,0.22009580904458076,223,154,24,Blue,0,1,1,1,Polyester,low,Recyclable
19.609277246982714,11.407478764689916,0.2042956175817084,0.0012737314986222905,165,250,123,Red,0,0,1,0,Cotton,medium,Repairable
20.266302972369136,15.00049633261445,0.3852575332823049,0.21791529649276115,45,57,60,Beige,0,0,1,1,Cotton,low,Recyclable
15.92876021036738,19.242523842665022,0.09179529820965725,0.2616840741750812,200,60,97,Blue,0,0,0,1,Cotton,medium,Upcyclable
22.6935504118022,24.749586184516964,0.6682526916992888,0.002233593851150567,99,210,53,Pink,1,0,1,0,Cotton,medium,Repairable
14.200770747019805,23.16260974345742,0.1643680264874194,0.07951196598454326,25,117,222,Beige,0,0,0,0,Cotton,high,Reusable
24.97037837965795,35.40914952737741,0.3032287361167186,0.13755732617946018,74,78,218,Yellow,1,1,1,0,Polyester,medium,Repairable
7.232162558026012,0.5,0.2190626156156066,0.0009803368670275045,211,236,216,White,0,0,1,0,Silk,medium,Repairable
19.011036636371294,0.5,0.14169184336349105,0.2997716285393708,180,70,59,Grey,0,0,0,1,Nylon,medium,Upcyclable
33.51143199246628,14.04946193587821,0.35500963404276614,0.06687707648045979,190,170,169,White,1,0,1,0,Linen,medium,Repairable
9.997349403155402,33.1676022505245,0.31294216522518886,0.0109657786991196,111,231,188,Grey,0,1,1,0,Cotton,medium,Repairable
12.578040235801188,1.2122236207328427,0.5723182287724351,0.1609492148089183,62,243,31,Blue,0,0,1,1,Nylon,low,Recyclable
22.11126279727132,0.5,0.3342177735409812,0.007285465300111799,111,207,52,Green,1,0,1,0,Cotton,medium,Repairable
19.436654255516785,26.854152874630504,9.52988526970456e-05,0.019552228134622044,239,87,171,Brown,0,1,0,0,Silk,high,Reusable
20.805040794188475,22.923886684432574,0.4474598672625513,0.11095204111525779,165,86,138,Beige,0,0,1,0,Cotton,medium,Repairable
21.91349704118131,6.917499118406843,0.31328643059053896,0.558185245747593,142,138,117,Red,0,0,1,1,Cotton,low,Recyclable
23.077771748494158,8.173524791348841,0.4604575232841329,0.2995652704013096,98,87,46,Grey,1,0,1,1,Wool,low,Hazardous
26.877598735649784,8.363075364383906,0.7311700391449204,0.5997066488262763,8,132,89,Black,1,0,1,1,Wool,low,Upcyclable
21.2785492554281,21.32642380968728,0.006578055074187159,0.5097216557387823,224,185,59,Red,0,0,0,1,Cotton,medium,Upcyclable
16.06993876305166,12.484216685803917,0.817587722982021,0.016311639104797437,74,38,35,White,0,0,1,0,Silk,medium,Repairable
23.38058960962185,25.928767027706236,0.2672061216532829,0.1552164352550759,21,175,228,Pink,1,1,1,1,Polyester,low,Recyclable
33.19905547916173,0.5,0.01748071123698181,0.4142279275081692,197,221,247,Beige,1,0,0,1,Linen,medium,Upcyclable
16.93893002893941,9.717777618466409,0.7310763723061168,0.021148208952470823,183,79,187,Blue,0,0,1,0,Nylon,medium,Repairable
10.203765562634867,6.487352469067396,0.10699567864152382,0.0043479173542669905,36,19,160,Red,0,0,0,0,Cotton,high,Recyclable
26.856645354295782,16.923911859530094,0.3352393384583608,0.574961094367702,56,220,224,Red,1,0,1,1,Cotton,low,Recyclable
17.036950688371213,13.543426898118337,0.0025445837494141783,0.3082434321221331,248,80,41,Grey,0,0,0,1,Nylon,medium,Upcyclable
2.0,29.5741253587492,0.17434187018571826,0.4719004173984336,187,18,227,Red,0,1,0,1,Polyester,medium,Hazardous
24.779373417203374,0.5,0.15383017181753159,0.1458803939189726,113,187,12,Pink,1,0,0,0,Cotton,high,Reusable
13.717374512368618,20.545897715969023,0.00018553593616567262,0.260644372617082,212,153,141,Grey,0,0,0,1,Nylon,medium,Upcyclable
17.275733741566714,26.70003707854047,0.516928092825563,0.2694058971553468,139,206,185,White,0,1,1,1,Polyester,low,Recyclable
20.655842644552116,42.279769238743455,0.04071373610180718,0.09417332103363356,134,152,114,Brown,0,1,0,0,Polyester,high,Reusable
19.52399743823253,14.218808346878298,0.6319639182027039,0.5095588229792753,193,142,100,Yellow,0,0,1,1,Silk,low,Recyclable
23.675614537112317,23.893503252230204,0.012645116313046168,0.7019828592566769,102,250,234,Green,1,0,0,1,Cotton,medium,Upcyclable
14.516109035441254,0.5,0.002529646580347817,0.1494267482249722,40,211,121,Green,0,0,0,0,Cotton,high,Reusable
22.104846385408663,0.5,0.5354386074796825,0.17092360104942678,151,221,167,Black,1,0,1,1,Wool,medium,Upcyclable
15.923626579328662,30.137292509380398,0.01263523532520572,0.131570133788799,217,148,64,Brown,0,1,0,0,Polyester,high,Reusable
23.910483847100025,19.933276476223153,0.36689622329334337,0.6637417205745579,152,174,132,Grey,1,0,1,1,Wool,low,Hazardous
22.92293987210443,34.142152277581076,0.43199589833556634,0.08842154861182391,189,162,157,Black,1,1,1,0,Wool,medium,Repairable
10.516490383643237,3.519165332363009,0.3579423619786603,0.23568838135178036,211,171,116,Beige,0,0,1,1,Cotton,low,Recyclable
26.687856929400258,26.23882567434503,0.04846345470259631,0.0669596832813394,231,250,209,White,1,1,0,0,Polyester,high,Reusable
13.712292439087616,42.42581408652624,0.08697558156822346,0.4905735207527015,104,133,172,Blue,0,1,0,1,Polyester,medium,Upcyclable
24.46446238624916,25.036467300287192,0.07074730797678491,0.2011616427151009,105,115,100,Red,1,1,0,1,Polyester,medium,Upcyclable
20.938298507210725,23.318978067092587,0.36393724542314065,0.557055277117998,43,100,247,Blue,0,0,1,1,Denim,low,Recyclable
32.70546941436098,20.102672969892197,0.08244033832707492,0.0992187957023474,129,202,185,Grey,1,0,0,0,Wool,high,Reusable
16.21227214102518,1.1494225144890535,0.3870301573300232,0.058448634281458876,169,150,38,Black,0,0,1,0,Cotton,high,Reusable
15.20546563105442,36.26687522852418,0.024206725980394455,0.36384685322168525,226,235,139,Red,0,1,0,1,Polyester,medium,Upcyclable
17.84464315289814,12.669708322339211,0.07244246243942627,0.25907260675927657,160,38,161,Grey,0,0,0,1,Nylon,medium,Upcyclable
15.574561737325796,26.053799076596203,0.024550254380572973,0.0037982669562290033,144,200,108,Pink,0,1,0,0,Polyester,high,Reusable
24.3995352155364,1.2435883211449585,0.04167761455934502,0.546687259665371,121,145,13,Pink,1,0,0,1,Cotton,medium,Upcyclable
5.069515132507297,5.846484025906635,0.018600786630710874,0.0047529741963755374,190,237,165,Black,0,0,0,0,Polyester,high,Reusable
9.570540646829167,37.22104879066683,0.005175942621776564,0.0005079350138910982,149,227,143,Red,0,1,0,0,Polyester,high,Reusable
9.457576627366455,15.832372532505886,0.8479514417592272,0.8494693314146023,0,254,105,Green,0,0,1,1,Cotton,low,Recyclable
25.602460735788604,37.43930571251053,0.21451183862414114,0.020507149818593372,228,167,188,Pink,1,1,1,0,Polyester,medium,Repairable
31.684906980655402,19.061232091297786,0.4901368209323262,0.1354706166299766,93,239,186,Beige,1,0,1,0,Linen,medium,Repairable
17.16440625170023,0.5,0.19719591691434118,0.009426598338772818,237,35,74,Black,0,0,1,0,Cotton,medium,Repairable
16.649426214479917,30.704811196780646,0.024923025536162324,0.08928254124801659,197,155,224,Pink,0,1,0,0,Polyester,high,Reusable
18.56041730490545,12.921292186932707,0.5233468445580612,0.10608470885762067,232,191,78,Pink,0,0,1,0,Silk,medium,Repairable
27.295026420865526,28.38426576220452,0.01038736552918144,0.24226137393601715,181,82,111,Black,1,1,0,1,Wool,medium,Upcyclable
10.581174926475407,20.302530410480987,0.05200937463553025,0.11538272538846046,13,93,233,Beige,0,0,0,0,Cotton,high,Reusable
19.90695186187828,1.4825812646855567,0.00200200050506925,0.7206663983021284,99,185,201,Black,0,0,0,1,Cotton,medium,Upcyclable
25.80158103825944,21.971537184446827,0.31993195218838266,0.11839637504751079,224,165,66,White,1,0,1,0,Linen,medium,Repairable
22.008753359518764,46.35467770583359,0.32948314892138014,0.08750934264996908,101,242,138,Green,1,1,1,0,Polyester,medium,Repairable
19.516652932789945,25.91583750217351,0.7847924870600504,0.36650631792392796,230,206,10,Blue,0,1,1,1,Polyester,low,Recyclable
26.00836874053713,19.309786963934442,0.45879718545737513,0.9154026518422617,52,171,15,Yellow,1,0,1,1,Cotton,low,Reusable
2.0,32.90412082348277,0.013362105061863428,0.6342595558851828,5,253,165,Beige,0,1,0,1,Polyester,medium,Upcyclable
23.423002556247262,22.52802158243733,0.07386589684308334,0.3086276827229246,89,203,157,Yellow,1,0,0,1,Cotton,medium,Upcyclable
12.76739453498061,22.51441076315353,0.4694436251826195,0.8687633170276851,63,1,168,Beige,0,0,1,1,Cotton,low,Reusable
3.3549368251483447,6.900497934090769,0.12009276364905033,0.28006615104430077,87,72,0,White,0,0,0,1,Silk,medium,Upcyclable
22.089620796199846,22.80617630947518,0.2211954884749587,0.28038820859659175,32,34,123,Yellow,1,0,1,1,Cotton,low,Recyclable
28.98926836130366,32.42532099700334,0.1527747382270574,0.12500140163607656,71,128,37,Beige,1,1,0,0,Wool,high,Reusable
16.900411882978464,9.967254174799704,0.014628030002084248,0.9628322621376103,43,173,113,Yellow,0,0,0,1,Silk,medium,Upcyclable
25.62299637762351,37.09394985496337,0.5570427492599455,0.4526927648746842,252,187,248,White,1,1,1,1,Polyester,low,Recyclable
30.898226063909163,18.89952771025849,0.0044946512884814,4.218363580464474e-09,106,62,236,Grey,1,0,0,0,Wool,high,Reusable
28.51931562867238,9.346765861537513,0.00017161547463306434,0.26435308324443985,33,94,97,Red,1,0,0,1,Cotton,medium,Upcyclable
31.119716234971143,31.971584923042933,0.02513121873744914,0.4843288382838956,161,219,59,Blue,1,1,0,1,Denim,medium,Repairable
23.93701992857514,16.558469171140768,0.16166484616399893,0.006711759389820392,151,44,18,White,1,0,0,0,Linen,high,Reusable
18.603469111212743,29.114178649833292,0.31159487922516726,0.028080997727526664,1,124,123,White,0,1,1,0,Polyester,medium,Repairable
5.184273504822652,16.498896412897555,0.24071226769451814,0.6162740824738133,135,184,225,Red,0,0,1,1,Cotton,low,Recyclable
16.03150009496041,19.282086277641156,0.02586044325118603,0.36845413292246826,116,36,186,Green,0,0,0,1,Cotton,medium,Upcyclable
11.254027237470467,25.9227224520115,0.02444025520427913,0.10584082323219443,152,6,99,Brown,0,1,0,0,Polyester,high,Reusable
35.367541739982514,23.49076469108007,0.5938184258200954,0.024495176038026114,120,109,67,Grey,1,0,1,0,Wool,medium,Repairable
16.592913500541307,0.5,0.04178688355888174,0.04250450875881222,221,143,137,Green,0,0,0,0,Cotton,high,Hazardous
18.985638454275886,6.545075118867299,0.0505641699710961,0.06415241447094329,31,177,16,Green,0,0,0,0,Cotton,high,Reusable
22.41188300832374,31.152919817489785,0.42136648412427147,0.16167577707785472,55,141,247,Grey,1,1,1,1,Wool,low,Hazardous
18.34881957097963,18.414360933181435,0.04834816095987417,0.22327266773600898,93,224,79,Pink,0,0,0,1,Silk,medium,Upcyclable
31.560408323446026,13.71522436674294,0.004448507595148727,0.030474167117256194,248,133,84,Beige,1,0,0,0,Linen,high,Reusable
13.018805106124384,3.697111816910308,0.32680548415625493,0.2875406615199112,6,188,91,Red,0,0,1,1,Cotton,low,Recyclable
19.55685964189794,7.043164144689818,0.056398788520838634,0.2496842705771756,175,148,199,Brown,0,0,0,1,Cotton,medium,Upcyclable
12.060235314415614,0.5,0.6963609991269155,0.374249483397995,87,137,28,Red,0,0,1,1,Cotton,low,Recyclable
7.439819910234354,18.784631375581604,0.5610636163483378,0.5918063427669654,181,31,133,Blue,0,0,1,1,Nylon,low,Recyclable
13.105847272757718,12.818749033027437,0.1021232787275833,0.003147782452459263,190,133,221,Green,0,0,0,0,Cotton,high,Reusable
17.703705623612702,8.400945308176219,0.701710410842606,0.376544713384061,200,1,193,Yellow,0,0,1,1,Silk,low,Recyclable
14.56558220386192,19.18251889798456,0.04457230232259997,0.09968371609820986,207,38,118,White,0,0,0,0,Silk,high,Reusable
12.460632161009151,24.367647570232858,0.9205909905774471,0.04271895357834883,129,48,121,Yellow,0,0,1,0,Silk,medium,Repairable
6.749460290625329,45.11837518651934,0.6845203695775328,0.4218206152902503,34,26,110,Grey,0,1,1,1,Polyester,low,Hazardous
17.33515541897044,1.8573989652414369,0.4564665559749247,0.05649057008687009,97,55,190,White,0,0,1,0,Silk,medium,Repairable
5.962237007751982,33.912572519606265,0.05150313458693592,0.22091748941667225,254,13,158,White,0,1,0,1,Polyester,low,Recyclable
24.08044770951682,31.67721873218086,0.2637282181153306,0.004995760163175742,21,150,152,Black,1,1,1,0,Wool,high,Reusable
18.659518023476025,10.650887127479594,0.2760868849855172,0.15258866724966025,210,102,86,Beige,0,0,1,1,Cotton,low,Recyclable
6.3395880042805555,22.43883145503237,0.09637915499601907,0.04829992805583766,191,117,234,Green,0,0,0,0,Cotton,high,Reusable
15.526327383601092,14.508401007948617,0.6031550819553123,0.017703249378156226,58,121,148,Beige,0,0,1,0,Cotton,medium,Repairable
11.982748755275335,22.228262965024868,0.21763458742247432,0.07708967502969867,176,212,15,Red,0,0,1,0,Polyester,medium,Repairable
20.553396083353444,38.10957216085461,0.031213083267628214,0.004875362871633618,51,104,131,Brown,0,1,0,0,Polyester,high,Reusable
28.723603568185155,27.267274791575755,0.26981755764123083,0.0007857638736225207,148,178,106,Pink,1,1,1,0,Polyester,medium,Repairable
2.9986202428340434,26.1033004788013,0.41996483135566504,0.5168313900165565,139,221,173,Brown,0,1,1,1,Polyester,low,Recyclable
18.92020863317934,14.836288160544292,0.02042622057288935,0.011945014764772412,10,24,7,White,0,0,0,0,Silk,high,Reusable
16.718937635466876,2.191320020907977,0.7959766886858561,0.0610494152248766,243,52,133,Yellow,0,0,1,0,Silk,medium,Repairable
23.370720611603726,17.498381473515106,0.14680057749593173,0.0051322321744408355,181,215,124,Red,1,0,0,0,Cotton,high,Reusable
19.705573025901515,34.479297858366984,0.07349628879155265,0.2531559778715609,210,10,127,White,0,1,0,1,Linen,medium,Upcyclable
11.984245346089448,1.6739857209242288,0.704977255791139,0.014591081631169865,121,162,52,White,0,0,1,0,Silk,medium,Repairable
15.447568514667054,7.338927581879659,0.27474822419579853,0.08985317260992054,197,182,118,Grey,0,0,1,0,Polyester,medium,Repairable
11.631793145572088,21.515212834808818,0.4505968500927229,0.6696525054221485,233,185,191,Yellow,0,0,1,1,Wool,low,Recyclable
26.608057108788785,8.184142581832852,0.46164505411559664,0.09331703294175722,13,195,90,Brown,1,0,1,0,Wool,medium,Repairable
18.170493189375538,10.489718634617448,0.12136604873050347,0.0007903032200475236,32,36,178,Brown,0,0,0,0,Cotton,high,Reusable
33.20952548602406,14.916817019261874,0.32164232591765585,0.23412631207848006,238,227,248,Pink,1,0,1,1,Cotton,low,Recyclable
17.514713489483032,3.612591149718206,0.7038371959002186,0.22367807254269143,101,204,227,Grey,0,0,1,1,Nylon,low,Hazardous
12.332745864716298,8.31053784540358,0.9668332430329998,0.0062456903092202405,76,8,251,Red,0,0,1,0,Cotton,medium,Repairable
5.890284859097383,28.441135001447705,0.25249955263633045,0.01603319894488503,247,27,227,Grey,0,1,1,0,Polyester,medium,Repairable
3.5748825899524395,4.311562613228432,0.26048661409349944,0.5759849178525694,25,54,62,Yellow,0,0,1,1,Silk,low,Recyclable
5.326912455956082,0.8255343860619462,0.018786029099529446,0.164224840003656,141,173,215,Beige,0,0,0,1,Cotton,medium,Upcyclable
20.13701320809187,12.439700245593269,0.16738161863022666,0.5809136126375309,236,207,133,Black,0,0,0,1,Cotton,medium,Upcyclable
22.06980018583947,28.78346603011815,0.27767158173310097,0.03972525847951315,215,126,189,Blue,1,1,1,0,Denim,medium,Repairable
5.350474383742933,17.636938304037326,0.6793474676853388,0.20457590839134454,175,254,106,Pink,0,0,1,1,Silk,low,Recyclable
25.160306512608923,14.42502706261258,0.0867844091309645,0.003764559482332357,64,245,160,Pink,1,0,0,0,Silk,high,Reusable
14.135511586532484,20.532305570187283,0.756181663096969,0.3159999828705322,45,69,1,White,0,0,1,1,Silk,low,Recyclable
19.174344095884393,0.5,0.35788833839753953,0.8162560366207641,126,26,168,Brown,0,0,1,1,Cotton,low,Recyclable
30.897765026043395,25.93646784530039,0.21458233687560146,0.44048791275243776,236,9,15,Grey,1,1,1,1,Wool,low,Hazardous
25.174714526924255,24.60122037684373,0.4217331901900098,0.3432025984455712,182,150,101,Green,1,0,1,1,Cotton,low,Recyclable
15.851754816753342,15.088298310851345,0.0019286988460380777,0.1517090007220739,93,148,118,Red,0,0,0,1,Wool,medium,Upcyclable
10.8704621966777,32.071094141557,0.14988881468686202,0.23066780373917337,73,217,58,White,0,1,0,1,Polyester,medium,Upcyclable
2.0,6.470046812563535,0.01000131393165622,0.04418662302948394,127,172,8,Beige,0,0,0,0,Cotton,high,Reusable
12.24677344606064,33.53490791904283,0.5555514802269501,0.011257596068770949,73,125,242,Blue,0,1,1,0,Polyester,medium,Repairable
16.310958089378445,21.853923987143013,0.25249530503032286,0.28804926153386334,219,2,196,Green,0,0,1,1,Cotton,low,Recyclable
10.10256378279053,15.961368921461919,0.2929055594097825,0.07569000534510888,195,186,116,Brown,0,0,1,0,Cotton,high,Reusable
16.949944263261564,19.76151637558026,0.6866480090274127,0.03255615409305672,205,42,9,Beige,0,0,1,0,Cotton,medium,Repairable
18.614815063670147,18.712822810268698,0.24337607049669951,0.8992254867353537,139,98,93,Grey,0,0,1,1,Nylon,low,Hazardous
16.20115214553537,34.6433947570126,0.006201533384766509,0.09450071922058803,181,6,6,Grey,0,1,0,0,Polyester,high,Reusable
12.799979353412322,7.079850470347839,0.44398400902544477,0.002130042918738041,255,154,92,Black,0,0,1,0,Cotton,medium,Repairable
19.34923737573382,10.849769130240821,0.35819311773295526,0.07430404202455729,191,189,193,Green,0,0,1,0,Cotton,medium,Repairable
21.535525196555273,32.435634704869756,0.020922611103756757,0.5757493332137912,101,41,147,Pink,0,1,0,1,Polyester,medium,Upcyclable
9.276807380457232,12.853580777793688,0.00015027390179325902,0.9035524745709987,46,96,122,Pink,0,0,0,1,Silk,medium,Upcyclable
29.28745903797016,30.8063969279791,0.5190528466245415,0.34496520880199144,164,3,62,Yellow,1,1,1,1,Polyester,low,Recyclable
17.211294941725907,40.393231796104516,0.3132078145533937,0.09853884769984253,201,217,3,Beige,0,1,1,0,Polyester,medium,Repairable
18.15079698355878,15.178459676700395,0.04370526068824844,0.12094194113322601,255,189,27,Brown,0,0,0,0,Cotton,high,Reusable
23.665715386052458,28.176347918903666,0.18566558298596209,0.22754134687917665,168,135,71,Green,1,1,1,1,Polyester,low,Recyclable
19.865729050108012,6.1556926239216985,0.0806741746829256,0.48886632103605104,26,83,249,Black,0,0,0,1,Cotton,medium,Upcyclable
25.62509307130596,29.05679957681371,0.20449164556037125,0.15218279949441393,169,144,255,Black,1,1,1,1,Cotton,low,Hazardous
20.296993321614593,22.393087831841207,0.035507607938665836,0.040878731690623685,247,4,162,Yellow,0,0,0,0,Silk,high,Reusable
13.100501002876497,25.676459385922584,0.28532271627432604,0.01125235124930963,203,190,129,Brown,0,1,1,0,Polyester,medium,Compostable
20.892028201648813,12.25313513557526,0.0014625684947969554,0.07917382021172827,85,112,168,Brown,0,0,0,0,Cotton,high,Reusable
8.850190341434706,0.5,0.11548440499706122,0.06548951746276992,67,136,155,Blue,0,0,0,0,Nylon,high,Reusable
18.868477646212185,26.039024776994058,0.3883688188839708,0.4617834190934982,156,135,74,Blue,0,1,1,1,Polyester,low,Recyclable
17.734160074844315,0.5,0.1801335672445987,0.1259705962147669,163,253,227,Black,0,0,1,0,Cotton,medium,Repairable
16.335065141819683,16.191794093089584,0.23831145033882736,0.35704018308023056,108,6,72,Green,0,0,1,1,Cotton,low,Recyclable
16.971699908488553,31.294182397039634,0.22189237496221845,0.1867590246864196,56,36,101,Green,0,1,1,1,Polyester,low,Recyclable
2.9452076360188872,22.30277283047643,0.11594772970555507,0.811561238863175,205,227,128,Brown,0,0,0,1,Cotton,medium,Upcyclable
13.610200738072308,43.38011173747776,0.5066314056183767,0.408195886596719,139,54,253,Green,0,1,1,1,Polyester,low,Recyclable
18.742759209128916,32.30130983098128,0.33518026782947596,0.04307231489551736,172,66,154,Black,0,1,1,0,Polyester,medium,Compostable
19.278851135979203,12.153219340093083,0.5958434832592848,0.5739885079549286,147,135,66,Red,0,0,1,1,Cotton,low,Recyclable
9.778598872592335,20.327760558217264,0.21729913438247128,0.06090340661325386,44,68,166,Yellow,0,0,1,0,Silk,medium,Repairable
28.125662726917604,19.43155156946677,0.31315826594499097,0.6128448879984671,22,4,200,Pink,1,0,1,1,Polyester,low,Recyclable
11.070601214283993,1.0138788398464733,0.7075135081937505,0.07965289978357222,189,16,167,Pink,0,0,1,0,Linen,medium,Repairable
25.755657604213894,8.715213002187761,0.0840496132316943,0.16188759446054904,213,252,27,Black,1,0,0,1,Wool,medium,Upcyclable
21.417554894973478,13.270869116241677,0.4177249958707902,0.002838980120798648,33,110,212,Black,0,0,1,0,Cotton,medium,Repairable
12.830181521249575,0.5,0.4584729690400953,0.0722051716393031,20,57,91,Blue,0,0,1,0,Nylon,medium,Repairable
32.202487140876094,20.569921619019716,0.03156177906383433,0.39669319037666073,178,190,236,Pink,1,0,0,1,Cotton,medium,Upcyclable
8.45090534594816,17.011137864163512,0.11014632070117569,0.17876116586661206,136,154,151,Brown,0,0,0,1,Cotton,medium,Upcyclable
25.353233388880014,0.5,0.2990055949812689,0.5318837968499375,201,103,81,Pink,1,0,1,1,Polyester,low,Recyclable
26.004658544343826,24.850554383327985,0.016815431429755077,0.14704201390971225,112,230,50,Black,1,0,0,0,Wool,high,Reusable
12.635038327386841,28.590472936291512,0.06841404250788362,0.2588706562059804,9,112,55,Yellow,0,1,0,1,Polyester,medium,Upcyclable
29.13972240051463,22.724413746378666,0.00023771430501957368,0.5884198386410607,51,203,72,Beige,1,0,0,1,Linen,medium,Upcyclable
15.999627883208378,16.111181897492358,0.0007342332481381818,0.416497427104614,44,91,25,Yellow,0,0,0,1,Silk,high,Reusable
20.309549034238856,27.09730582102226,0.4270032165372766,0.3899334163938048,179,67,87,Pink,0,1,1,1,Polyester,low,Recyclable
20.082574710169766,28.162644325720294,0.003930630674792993,0.11146518519659065,248,243,51,Blue,0,1,0,0,Polyester,high,Reusable
16.925530068235616,23.688842836636262,0.004653720215640664,0.753029171543622,29,27,124,Beige,0,0,0,1,Cotton,medium,Upcyclable
24.486466185278257,10.10465299478287,0.013238667565441885,0.26338161656948134,191,88,5,Green,1,0,0,1,Cotton,medium,Upcyclable
24.347909764417704,23.319209186134167,0.00626303153862512,0.31896454132768165,224,185,186,Grey,1,0,0,1,Wool,medium,Upcyclable
4.011744214094554,34.34576780990575,0.5821168702026145,0.005125877920718799,129,177,116,Red,0,1,1,0,Polyester,low,Recyclable
28.43472194302522,12.840451296659237,0.05346245465656403,0.892448236886251,176,227,11,Black,1,0,0,1,Wool,medium,Upcyclable
4.700064095714605,45.17527206958918,0.20402362763091197,0.17258956293095035,95,105,62,Pink,0,1,1,1,Polyester,low,Recyclable
26.26036963473326,13.692428792175388,0.45389111119104614,0.21769081099434734,172,66,35,Brown,1,0,1,1,Wool,low,Recyclable
27.013641094620667,20.388884160081634,0.407138317952752,0.3152688711003997,16,121,8,Beige,1,0,1,1,Linen,low,Recyclable
9.272268558278414,11.930172847923966,0.2130247153526055,0.08447607085091978,27,158,73,Brown,0,0,1,0,Cotton,medium,Repairable
14.713485696363321,22.679250031043132,0.27524396790099975,0.6161155049783364,125,100,66,Pink,0,0,1,1,Silk,low,Recyclable
9.154362652112514,0.5,0.45662738400660435,0.013876170087966856,44,11,240,Red,0,0,1,0,Cotton,medium,Repairable
16.280631757690117,13.447498414199345,0.4681195908864568,0.2747088757988494,16,182,28,Red,0,0,1,1,Cotton,low,Recyclable
15.53572572651407,6.894545595817194,0.020248869577503156,0.017842250835366814,242,228,70,Yellow,0,0,0,0,Silk,high,Reusable
24.23728425815472,21.62406017470749,0.08949827594114594,0.38099324184210254,186,100,89,Brown,1,0,0,1,Wool,medium,Upcyclable
28.482469968956867,31.933368506106888,0.8806648942738954,0.21106627474286715,141,3,7,Pink,1,1,1,1,Polyester,low,Recyclable
29.16547048631965,27.75207424537462,0.27615219144731584,0.6614235667390916,115,221,42,Grey,1,1,1,1,Wool,low,Hazardous
13.502655787373584,0.5,0.08159161502641046,0.20864665407380026,137,120,204,Green,0,0,0,1,Silk,low,Recyclable
16.32622501004378,44.504835835134564,0.012985983899089976,0.0027143130689089912,225,229,34,Brown,0,1,0,0,Polyester,high,Reusable
4.532494462232398,23.54335928745042,0.46994849891017654,0.6165651937914522,205,41,210,Grey,0,0,1,1,Nylon,low,Hazardous
11.55303946803049,10.682010314083996,0.0015861164217996196,0.8500480243914377,80,229,109,Beige,0,0,0,1,Cotton,medium,Upcyclable
25.71881306477966,21.88553502789129,0.0849446316503926,0.15211735314011204,228,218,21,Blue,1,0,0,1,Denim,medium,Upcyclable
30.924662588385853,22.11427787003231,0.23985087356516782,0.5746005691919022,213,181,207,Brown,1,0,1,1,Wool,low,Recyclable
8.125209024960624,11.997815396581236,0.8080835876824161,0.6772423041844844,17,21,206,White,0,0,1,1,Silk,low,Recyclable
13.260285926776845,22.375000008104905,0.30173778706237203,0.006341637432237656,34,0,65,Black,0,0,1,0,Cotton,medium,Repairable
17.788753944328583,12.710332548556313,0.0022499631946337577,0.35110805794620353,175,47,101,Brown,0,0,0,1,Cotton,medium,Upcyclable
20.241289270556855,15.147656087719728,0.2060344929358049,0.005978244494653369,57,42,148,White,0,0,1,0,Silk,medium,Repairable
11.52317184062683,11.764650370938986,0.10388437318924612,0.4291628430644423,114,101,93,Yellow,0,0,0,1,Silk,medium,Upcyclable
21.392488355712718,2.807944523124167,0.19688442970432013,0.8719226284028482,17,147,198,Brown,0,0,1,1,Cotton,low,Recyclable
14.209285223432671,21.75003764258461,0.3820832756682247,0.21886601062095243,179,17,94,White,0,0,1,1,Silk,low,Recyclable
17.884381832973766,27.023593238196057,0.06212078838759915,0.19500004831991313,157,197,168,Blue,0,1,0,1,Polyester,medium,Upcyclable
22.370273984029595,26.178603152916466,0.08826918618773054,0.005853889078672215,255,176,40,White,1,1,0,0,Polyester,high,Reusable
18.051378158487502,29.839103031622813,0.06401778617241742,0.8127904423802775,36,75,176,Blue,0,1,0,1,Polyester,medium,Upcyclable
14.508912875787452,23.89208252017842,0.04909712907919056,0.00011708332798807713,39,144,246,Green,0,0,0,0,Cotton,high,Reusable
17.123121568593355,13.607294021397157,0.00844967254280707,0.23151219325750874,5,180,226,Green,0,0,0,1,Cotton,medium,Upcyclable
17.29309632635732,30.075966373174268,0.18331346665307455,0.3058433788736768,78,149,3,Beige,0,1,1,1,Polyester,low,Recyclable
15.039911760942978,3.7097895218967807,0.1546910913527594,0.6031393576944122,248,81,97,Beige,0,0,0,1,Cotton,medium,Upcyclable
15.92963149866318,9.19194340985024,0.37074186838754813,0.2615809475841023,162,9,192,Green,0,0,1,1,Cotton,low,Recyclable
30.789177364037734,8.429599142921063,0.007493884573641322,0.028036481741525957,153,23,9,Blue,1,0,0,0,Denim,high,Reusable
22.48735558352991,32.96067270967173,0.1767128176550371,0.2754860394978626,104,211,93,Pink,1,1,0,1,Polyester,medium,Upcyclable
15.636157455766718,31.313462169680907,0.9035766957376208,0.07589355699611398,90,139,223,Green,0,1,1,0,Polyester,medium,Repairable
23.575635236085887,25.84766284453994,0.8491969020998912,5.9529155793338996e-05,157,3,66,Pink,1,1,1,0,Polyester,medium,Repairable
15.32944408195192,32.86315838254157,0.08668748105933138,0.20384853976290523,74,169,137,Red,0,1,0,1,Polyester,medium,Upcyclable
27.38499710069313,9.448606611056142,0.05710729089273247,0.12276175373262116,115,125,72,Brown,1,0,0,0,Wool,high,Reusable
20.95713753758475,24.183141438331766,0.26500214224598273,0.001380725883877787,151,132,144,Grey,0,0,1,0,Nylon,medium,Repairable
17.14158284796617,18.49790685940203,0.0489505686661892,0.02635909782840693,121,153,238,Brown,0,0,0,0,Cotton,high,Reusable
21.58173540648222,30.162585246618967,0.016714131900464394,0.026242997637513945,54,227,194,Yellow,0,1,0,0,Polyester,high,Reusable
5.432990783452006,18.61730920937363,0.2626736900761067,0.0010824249969919582,205,186,218,Yellow,0,0,1,0,Cotton,medium,Repairable
8.985860248721558,15.380685339079026,0.299093410622845,0.6177142453061373,214,189,52,Grey,0,0,1,1,Nylon,low,Hazardous
8.448599948807557,26.49090222273188,0.0012690060368067857,0.11464153119736063,8,79,162,Yellow,0,1,0,0,Polyester,high,Reusable
19.143544758109655,30.514030006294796,0.004519086100318853,0.3175397846167384,105,4,3,Grey,0,1,0,1,Polyester,medium,Upcyclable
31.860119995880737,11.97985766183838,0.20608441344476383,0.7406403291394232,61,153,67,Grey,1,0,1,1,Wool,low,Hazardous
35.85040116954106,19.267091943771486,0.21999011581638336,0.3313552103450492,110,82,112,Yellow,1,0,1,1,Cotton,low,Recyclable
23.104408811526056,7.298712396300168,0.5844755771710641,0.48822448822645564,145,247,95,White,1,0,1,1,Linen,low,Recyclable
22.006755799555656,0.5,0.09981445486177147,0.1336124868403239,244,5,101,Grey,1,0,0,0,Wool,high,Reusable
3.5915381267780884,22.40551557696475,0.2980687949973549,0.50331718389215,50,151,138,Blue,0,0,1,1,Nylon,low,Recyclable
13.658609602127825,27.30686427505558,0.39327535394928065,0.0004628965856212876,102,222,43,Blue,0,1,1,0,Polyester,medium,Repairable
11.697729984734089,23.144801709040706,0.7215062237848776,0.13686071839531647,18,222,118,Yellow,0,0,1,0,Silk,medium,Repairable
13.033219213991071,0.5,0.015622542977098626,0.007454257534698718,68,180,187,Grey,0,0,0,0,Nylon,high,Reusable
16.654849451321684,15.789806839082306,0.1045156607104635,0.26017598834026034,116,6,230,Black,0,0,0,1,Cotton,medium,Upcyclable
14.223275378422981,0.5,0.18843440830044636,0.18333438360144183,81,9,236,Brown,0,0,1,1,Cotton,low,Recyclable
2.165601516993698,36.436413291850215,0.0045900480705420256,0.3644860947057308,122,166,197,Green,0,1,0,1,Polyester,medium,Upcyclable
23.98328204894027,6.967345014582968,0.7355360995407955,0.1294355693308633,32,213,246,Black,1,0,1,0,Denim,medium,Repairable
9.418055794081548,35.06484331351876,0.06155326727608653,0.07404244805538507,107,77,189,Grey,0,1,0,0,Polyester,high,Reusable
19.913974912889195,31.350435724209746,0.02626281350990143,0.15873612375672178,165,155,226,Grey,0,1,0,1,Polyester,medium,Upcyclable
34.59266135799979,9.19291576956726,0.08422796713269574,0.05913867406188019,12,41,244,Pink,1,0,0,0,Cotton,high,Reusable
10.644923267308613,6.40658058478706,0.18925165966335,0.00025806263936462237,176,61,109,Blue,0,0,1,0,Nylon,medium,Repairable
2.0,24.20444259663606,0.5282943161834585,0.12107726184969134,72,124,159,Red,0,0,1,0,Cotton,medium,Repairable
15.711966224959113,9.868111553803148,0.0011834499978098697,0.12098284316264472,89,179,45,Green,0,0,0,0,Cotton,high,Reusable
26.80767707998857,21.229815705898492,0.042432287335988084,0.4188486690248367,180,21,22,Beige,1,0,0,1,Linen,medium,Upcyclable
33.66677963376475,14.20606891031698,0.4740033435389982,0.2488401827390292,128,56,105,Grey,1,0,1,1,Wool,low,Hazardous
8.163603244380665,0.5,0.04576500369454251,0.5931694777435349,11,95,164,Red,0,0,0,1,Denim,medium,Upcyclable
21.973593785892174,0.5,0.570831200000434,0.3055637066828108,151,138,125,Brown,0,0,1,1,Cotton,low,Recyclable
14.277516345759572,22.720210981935168,0.04354298052411577,0.20704194765895492,255,141,89,Grey,0,0,0,1,Nylon,medium,Upcyclable
17.152413165566916,13.261307044032495,0.01551487779528296,0.40307198282292767,128,30,97,Black,0,0,0,1,Denim,high,Reusable
39.15474677613628,13.362922197030413,0.0018329527362581015,0.567187319203274,67,235,255,Blue,1,0,0,1,Denim,medium,Upcyclable
5.976237372838774,28.350366069125425,0.2934638846949161,0.002811758733523488,134,3,229,Green,0,1,1,0,Polyester,medium,Repairable
20.029917291956586,34.08130731958934,0.4219285761783547,0.5990010720717392,115,108,246,Blue,0,1,1,1,Polyester,low,Recyclable
21.741545374123465,16.72946334365829,0.3305822763382212,0.08515313646698498,91,149,74,Brown,0,0,1,0,Cotton,medium,Repairable
26.686290599514777,15.912815517081661,0.0774948570249927,0.021962044272993798,228,117,113,Brown,1,0,0,0,Wool,high,Reusable
18.783865227767162,26.001716397366607,0.39985691718389327,0.1397816507305746,246,92,185,Red,0,1,1,0,Polyester,medium,Repairable
20.46440431603282,3.7167731636050974,0.04733009534244512,0.5614763320792014,243,98,119,Blue,0,0,0,1,Polyester,medium,Compostable
14.866811460625671,22.677836656972364,0.4458580420349207,0.4196629322045111,196,191,84,Beige,0,0,1,1,Cotton,low,Recyclable
20.153015529960857,26.62263166186585,0.235872548420965,0.21478979334748566,38,76,42,Beige,0,1,1,1,Polyester,low,Recyclable
15.254461796020717,28.16276250101155,0.04269692607752685,0.36229709159531526,31,211,87,Grey,0,1,0,1,Polyester,medium,Upcyclable
22.972575118848408,0.5,0.2249044876193347,0.016625827599255724,176,82,142,Pink,1,0,1,0,Linen,medium,Repairable
15.043117311650928,10.863736762292712,0.267242176294558,0.28891262234655507,158,206,194,Pink,0,0,1,1,Silk,low,Recyclable
21.01680315121749,9.4608409661184,0.009695749289348264,0.10669678505466129,107,114,129,Green,0,0,0,0,Cotton,high,Reusable
17.765897490520175,21.198643452910556,0.01607756342246915,0.005558841595075859,78,217,198,Brown,0,0,0,0,Cotton,high,Reusable
27.008402006177345,25.76893495721581,0.015744631732564313,0.17953808020461562,2,251,132,Red,1,1,0,1,Polyester,medium,Upcyclable
17.58885021129211,37.960524889351774,0.0015171784691592597,0.0920160808260284,240,211,180,Pink,0,1,0,0,Polyester,high,Reusable
3.8157402543449486,14.060414235583123,0.3548330410059036,0.07513296496796001,109,60,172,White,0,0,1,0,Silk,medium,Repairable
28.095372005711933,14.029130020289433,0.23573701412057482,0.24718206787960928,174,99,103,Beige,1,0,1,1,Linen,low,Recyclable
10.75414159309905,33.796064226544964,0.5418345482104148,0.5704422542040113,110,133,92,Pink,0,1,1,1,Polyester,low,Recyclable
12.769869290809442,23.55892326236366,0.8321344214515689,0.04688202567147915,14,252,40,Brown,0,0,1,0,Cotton,medium,Repairable
13.234709647652064,35.21181813425569,1.3908943983144572e-05,0.057399997212726685,50,78,190,Pink,0,1,0,0,Polyester,high,Reusable
28.99550474536654,23.464736036118037,0.017672350360247,0.0014132154810011673,106,195,223,Red,1,0,0,0,Cotton,high,Reusable
2.0,6.11460057544075,0.19923519709851412,0.003234386040509832,209,5,221,Red,0,0,1,0,Cotton,medium,Repairable
43.10198826927995,4.002459742666321,0.1481951931833004,0.400913692152813,212,65,199,Beige,1,0,0,1,Linen,medium,Upcyclable
26.448454472528415,1.3818530112928507,0.08856725501782857,0.02693505863314446,201,163,31,Yellow,1,0,0,0,Cotton,high,Reusable
19.785911313033278,27.94462201710168,0.029335320526034797,0.007897956482229991,20,241,105,Black,0,1,0,0,Polyester,high,Reusable
17.560847995069707,34.2631618770441,0.17273356286052946,2.7712520647193703e-07,217,142,1,Grey,0,1,0,0,Polyester,high,Reusable
20.284432598861255,42.19234569663657,0.4595012138931786,0.38940123509501245,40,75,9,Grey,0,1,1,1,Polyester,low,Hazardous
22.168979427034706,30.117263987878882,0.799160065665779,0.14228844244922303,119,39,170,Grey,1,1,1,0,Wool,medium,Repairable
23.161724687600454,33.95406293041983,0.09452541003723715,0.08740102288820427,2,235,118,Pink,1,1,0,0,Polyester,high,Reusable
22.444835728027588,13.039804008155784,0.9298978457783855,0.7745984370612964,128,168,170,Black,1,0,1,1,Wool,low,Hazardous
18.71664545004199,6.123010199073718,0.4315557115771804,0.11960529353067757,148,6,100,White,0,0,1,0,Silk,medium,Repairable
16.42129263754139,30.20095198901064,0.00991080482316094,0.1679732090967303,202,21,109,Brown,0,1,0,1,Polyester,medium,Upcyclable
16.789813730771908,25.012169026872808,0.18670194695541792,0.3554817896519016,79,71,246,Brown,0,1,1,1,Polyester,low,Recyclable
16.440733757178553,21.28933249209071,0.100588995671377,0.3785603647018286,98,243,66,Black,0,0,0,1,Cotton,medium,Upcyclable
27.070160774936518,24.64845776759588,0.06434144958574126,0.34978658789190764,148,105,243,Pink,1,0,0,1,Cotton,medium,Upcyclable
22.748453778246894,23.878225789498472,0.2570162417241801,0.23111237250563554,104,138,22,Yellow,1,0,1,1,Cotton,low,Recyclable
2.0,35.405802318242735,0.5277222740998917,0.0007634869914620984,202,129,97,Green,0,1,1,0,Polyester,medium,Repairable
23.247206212238087,35.53982701780347,0.0020937626497212394,0.5487654359526265,253,29,209,Yellow,1,1,0,1,Polyester,medium,Upcyclable
19.557889557750197,26.530644228084164,0.6683334796968161,0.049691615165563,94,67,224,Brown,0,1,1,0,Polyester,medium,Repairable
17.850329948432822,30.14963447075514,0.002971094620912374,0.35412026472475605,176,180,96,White,0,1,0,1,Polyester,medium,Upcyclable
14.891852375288913,26.16875062909731,0.428428424607357,0.8472920022121362,64,88,187,Green,0,1,1,1,Polyester,low,Recyclable
26.992901759888106,14.465963215584573,0.037861881928966015,0.24290021663025957,40,148,208,Yellow,1,0,0,1,Cotton,medium,Upcyclable
25.580211696982865,29.078776098957682,0.12361558668438526,0.39490799699693346,223,152,5,Black,1,1,0,1,Wool,medium,Upcyclable
11.816978657411127,3.266059173688859,0.09004183991404391,0.1772150639210417,66,72,12,Beige,0,0,0,1,Cotton,medium,Upcyclable
21.25641829699628,32.6466986275506,0.11564967709600174,0.4697642669170097,123,71,20,Grey,0,1,0,1,Polyester,medium,Upcyclable
10.226746123669713,5.665724722807578,0.0013867265061849419,0.0009304184343382457,254,132,222,Blue,0,0,0,0,Nylon,medium,Upcyclable
6.963054681688556,23.429639441536796,0.0034456536947696896,0.002010331884513766,223,237,57,Beige,0,0,0,0,Cotton,high,Reusable
12.98626220328028,9.858152498886092,0.31769949899525335,0.4584723275711773,41,219,119,Grey,0,0,1,1,Nylon,low,Hazardous
24.89914777906207,26.64066779689312,0.28499513286262806,0.3860607738627831,68,65,212,White,1,1,1,1,Polyester,low,Recyclable
25.625000363008695,19.592897288865093,0.07130529312080376,0.2634029573849354,184,84,224,Black,1,0,0,1,Wool,medium,Upcyclable
22.104683360778346,0.8629285020400133,0.227726729455873,0.5112594880416517,170,250,155,Yellow,1,0,1,1,Cotton,low,Recyclable
23.800766294783976,25.048395572221747,0.008943533897064742,0.15385350780056486,100,48,119,Black,1,1,0,1,Wool,medium,Upcyclable
22.129426296919668,13.064950678007474,0.12265541077554307,0.12397145959512786,139,7,197,Green,1,0,0,0,Cotton,high,Reusable
12.868147238216382,30.57376064976043,0.1835095968265846,0.13416088222550018,205,225,135,Beige,0,1,1,0,Polyester,medium,Repairable
21.455380357391526,20.015908264812886,0.7846776706122657,0.36823539910828024,63,214,76,Red,0,0,1,1,Cotton,low,Hazardous
24.40327620182146,24.745051824656457,0.012270435964667188,0.035341745327487364,107,206,97,Grey,1,0,0,0,Wool,high,Reusable
24.034330638508592,8.509172539817458,0.001174410847373723,0.27087537234817455,50,154,57,Black,1,0,0,1,Wool,medium,Upcyclable
27.511306971797143,12.928013222871657,0.44370449913168986,0.1611601477780526,72,1,167,Grey,1,0,1,1,Wool,low,Hazardous
23.66643077760851,14.496336366786986,0.2533475349175894,0.023712895651818288,59,27,85,Grey,1,0,1,0,Wool,medium,Repairable
20.811585660332664,30.280429762910668,0.3391804528363687,0.07652368651379643,198,138,0,White,0,1,1,0,Cotton,medium,Repairable
26.56120190653142,40.12852505366587,0.09568659779179088,0.1960784887410391,79,45,76,Green,1,1,0,1,Polyester,medium,Upcyclable
17.787829926007518,10.337938979085486,0.2774689645428772,0.8758211392713863,155,125,192,White,0,0,1,1,Silk,low,Recyclable
10.945002790178258,32.92217773589216,0.39637202478368244,0.47456583346549897,123,20,9,White,0,1,1,1,Polyester,low,Recyclable
16.695464288449887,0.5,0.6115717099679763,0.19040966652773725,198,169,187,White,0,0,1,1,Silk,low,Recyclable
12.040778841548407,5.669727186892528,0.12309785671681027,0.16139279605389062,13,31,68,Yellow,0,0,0,1,Silk,medium,Upcyclable
12.598573800204948,8.494658525758702,0.5740169790606832,0.01570761193656117,159,159,246,Green,0,0,1,0,Silk,medium,Recyclable
16.843850634275856,3.769895726711333,0.2723893735404191,0.04469091406539937,7,198,147,Grey,0,0,1,0,Nylon,medium,Repairable
11.660640632000309,0.9969393225490393,0.10897131824901501,0.09502557855387993,26,149,61,Grey,0,0,0,0,Nylon,high,Reusable
15.536307762887677,24.95598694565357,0.6569583166766753,0.7130365397229519,244,205,12,Green,0,0,1,1,Cotton,low,Recyclable
2.8510826643697147,17.431187627265665,0.11139576718082404,0.19967516599291765,49,76,185,Green,0,0,0,1,Cotton,medium,Upcyclable
19.70634965898351,24.552864771261316,0.7817720040711689,0.06964418079506011,186,20,164,Beige,0,0,1,0,Cotton,medium,Repairable
18.009643802897795,28.285672233458158,0.016223371110011965,0.16357639890862144,56,149,9,Brown,0,1,0,1,Polyester,medium,Upcyclable
11.463290951454475,23.1874039180704,0.0002718084430779678,0.17192217828378906,2,33,2,Grey,0,0,0,1,Denim,medium,Upcyclable
23.27396534745924,27.893158113804486,0.0056959764057331825,0.6092916889496295,154,137,161,Pink,1,1,0,1,Polyester,medium,Upcyclable
25.500561101012465,19.16561256509277,0.6452331578960939,0.45627665273395257,221,64,33,Green,1,0,1,1,Cotton,low,Hazardous
5.139521085048207,5.756079340331064,0.5223646444008865,0.0027635509474235793,33,64,157,Pink,0,0,1,0,Silk,medium,Repairable
11.898201771470287,32.69377016984956,0.015179195274278095,0.7909130110284507,25,87,164,Black,0,1,0,1,Polyester,medium,Upcyclable
11.846861201701614,12.930654406626477,0.09939913060003107,0.5001557097953848,249,66,195,Pink,0,0,0,1,Silk,medium,Upcyclable
10.480775191129084,8.772844414850889,0.06709738747475247,0.005139413176022227,228,222,33,Pink,0,0,0,0,Silk,high,Reusable
24.63579873545399,17.864985490347223,0.6786500985996429,0.13294580895587402,167,42,159,Yellow,1,0,1,0,Cotton,medium,Repairable
16.449390889817572,9.046268968441844,0.20211897607597631,0.00025903180649652956,114,114,84,Blue,0,0,1,0,Nylon,medium,Repairable
15.883881269515115,14.990835416126814,0.9087411464086951,0.09222465775355017,85,168,57,Beige,0,0,1,0,Cotton,medium,Repairable
2.0,24.128647058761597,0.3246710204985163,0.07655714299549257,159,140,104,Beige,0,0,1,0,Polyester,medium,Repairable
23.08334424167381,24.180100870953524,0.2119191483810837,0.002764026273539629,168,117,151,Brown,1,0,1,0,Wool,medium,Repairable
8.08593284117222,9.226039202892448,0.3209957657238188,0.018606477345851174,129,3,8,Green,0,0,1,0,Wool,medium,Repairable
18.479461042130627,14.147535524615066,0.6692022614125607,0.9456409500857457,110,243,40,Pink,0,0,1,1,Silk,low,Recyclable
20.219015503665535,32.89199605724292,0.009291388060316088,0.25062446251197734,199,22,151,Green,0,1,0,1,Polyester,medium,Upcyclable
28.88526876670921,25.956801412807295,0.5438952500047294,0.14489455484434768,105,69,24,Black,1,1,1,0,Wool,medium,Repairable
7.529436807047103,44.900780472182504,0.1106032027321368,0.6430295491148812,134,161,35,Grey,0,1,0,1,Polyester,high,Reusable
2.0,34.16153808489833,0.5893940842352348,0.4650855931297201,255,40,7,Black,0,1,1,1,Polyester,low,Hazardous
19.47079635802956,33.73151682271927,0.0007771831536842736,0.2882569650403934,18,145,125,Pink,0,1,0,1,Polyester,medium,Repairable
32.40408945208683,3.345577394530377,0.05602320304004192,0.1507081466451419,32,119,113,Grey,1,0,0,1,Nylon,medium,Upcyclable
27.911570823515497,29.166324219601073,0.3037675780702914,0.0004970613580328082,245,227,104,Yellow,1,1,1,0,Polyester,medium,Repairable
19.677275322197005,19.362718379637073,0.42981140556921876,0.12546467993136226,1,89,92,Brown,0,0,1,0,Cotton,high,Reusable
14.066910514943622,13.388218357541005,0.4630431973536285,0.1002291080254773,194,224,88,Beige,0,0,1,0,Cotton,medium,Repairable
24.456980773098483,22.016184086390343,0.039624371777895295,0.108688400086628,219,255,186,White,1,0,0,0,Linen,high,Reusable
10.21163040236425,31.342538415337803,0.0023339965489694806,0.6188752466977552,205,160,162,Blue,0,1,0,1,Polyester,medium,Upcyclable
21.810862154849755,26.00997909205054,0.247856065951203,0.010407796557531473,14,152,37,Grey,0,1,1,0,Polyester,medium,Repairable
22.043761273333015,9.45831438389528,0.15224790608248076,0.5490174532953962,20,51,91,White,1,0,0,1,Linen,medium,Upcyclable
26.48167925999104,28.909506963111443,0.6994285575032929,0.5387561269188166,77,144,118,Beige,1,1,1,1,Polyester,low,Recyclable
40.07728031128862,12.348949495088434,0.5468656522234645,0.3133438036740402,58,50,210,Blue,1,0,1,1,Denim,low,Recyclable
21.139327737430136,22.600197427571434,0.17538304634474627,0.8134857626473314,103,130,159,Black,0,0,0,1,Cotton,medium,Upcyclable
13.92829099434001,16.35979919027439,0.004736331751618767,0.27400863114973084,81,54,100,Grey,0,0,0,1,Nylon,medium,Upcyclable
17.795405502464046,17.37360497917249,0.16882408418110909,0.007270325572512549,117,213,112,Brown,0,0,0,0,Cotton,high,Reusable
3.847392760887054,29.194915700486114,0.37240503346674125,0.0022569006299525034,112,183,250,Yellow,0,1,1,0,Polyester,medium,Repairable
12.442294951287534,7.517675362209225,0.17891692850775795,0.12129484478274159,38,118,178,Grey,0,0,0,0,Nylon,low,Recyclable
14.725740495095168,43.3423408913232,0.4216073109444617,0.35538310254342836,19,112,27,Black,0,1,1,1,Polyester,low,Hazardous
13.80729281652326,0.5,0.0017967118395294935,0.03998728583212632,0,34,183,Beige,0,0,0,0,Silk,high,Hazardous
19.218838976269776,12.827987800941715,0.32260674344563695,0.8573312172618752,72,248,98,Yellow,0,0,1,1,Silk,low,Recyclable
11.420640540942395,24.442542679300892,0.3413978805082291,0.009283086722361856,8,67,135,Beige,0,0,1,0,Cotton,medium,Repairable
26.96824533859577,27.011769997223716,0.00015002932501124744,0.02943765994356564,234,186,40,Pink,1,1,0,0,Polyester,high,Reusable
18.001656519345577,18.79429135313954,0.15031042689504556,0.0731356302644534,50,91,117,Pink,0,0,0,0,Silk,high,Reusable
17.925597430891084,19.31131156398149,0.41434983766075417,0.020841913891439138,165,58,22,Beige,0,0,1,0,Cotton,medium,Repairable
15.376842267896658,24.926601023931397,0.02457298727455651,0.39840580782239565,230,252,181,Beige,0,0,0,1,Cotton,medium,Upcyclable
19.24152547087183,17.227166270507837,0.0007656625723011967,0.02091046726072552,220,12,231,Green,0,0,0,0,Cotton,high,Reusable
24.600786117341077,36.71817509521887,0.11857052334957688,0.7658582282879062,14,61,237,Green,1,1,0,1,Polyester,medium,Upcyclable
11.062958274312798,30.072189370779228,0.1767916052123059,0.6291635839355727,83,93,22,Yellow,0,1,0,1,Polyester,medium,Upcyclable
12.735068087397947,30.473892212067614,0.9352725862828535,0.1867021359864557,229,253,31,Beige,0,1,1,1,Polyester,low,Recyclable
15.570191769786682,8.406119319554996,0.02484287463427128,0.6847000427228124,40,174,137,White,0,0,0,1,Silk,medium,Upcyclable
7.233032612214281,19.047338907131564,0.5624293169313781,0.626236995306654,221,203,80,Brown,0,0,1,1,Cotton,low,Recyclable
11.445937122228017,16.394408615351555,0.4805003519734453,0.06467905463487901,174,2,162,Pink,0,0,1,0,Silk,medium,Repairable
14.190233011642729,7.932783491726411,0.016008852673718547,0.2315267209260405,153,20,98,Yellow,0,0,0,1,Silk,medium,Upcyclable
24.99511344570182,24.321970207349203,0.30464883229994305,0.07424237385407473,53,103,62,Blue,1,0,1,0,Denim,medium,Repairable
20.1004906320154,13.548250906642203,0.2540729556995878,0.3416696477914527,118,64,194,White,0,0,1,1,Silk,low,Recyclable
19.548719290940355,27.864845958202842,0.004253441559738003,0.2552671502202273,197,145,35,Pink,0,1,0,1,Polyester,medium,Upcyclable
24.807183697343778,7.157701245268019,0.19082159249076325,0.002041815055634537,166,12,92,Red,1,0,1,0,Cotton,medium,Repairable
16.901025692804826,40.62848735410185,0.5170128866148753,0.42514996793129084,16,198,176,Beige,0,1,1,1,Polyester,low,Recyclable
21.123718799431117,9.244008096895259,0.15157563118761563,0.29924066486789597,197,76,45,Yellow,0,0,0,1,Silk,medium,Upcyclable
17.17422597654003,22.631628046405233,0.04024976603971389,0.019982608964830898,127,208,26,Green,0,0,0,0,Cotton,high,Reusable
20.122898795197028,29.50231172465681,0.3468034095390742,0.3754755820617953,91,108,158,Beige,0,1,1,1,Polyester,low,Recyclable
13.337930739107343,13.152314837598647,0.01821852783493912,0.28083299051863214,8,95,161,Grey,0,0,0,1,Nylon,medium,Upcyclable
2.0,30.22962372119541,0.44212185335585413,0.2068370248007938,218,92,75,White,0,1,1,1,Polyester,low,Recyclable
16.925766702509566,5.249796826395006,0.0007808473020610451,0.2064504215925796,226,44,100,Red,0,0,0,1,Cotton,medium,Upcyclable
29.38198508879952,37.42541239019073,0.20429895861956096,0.42153686416532316,45,61,186,Brown,1,1,1,1,Wool,low,Recyclable
25.40972321793274,20.1697911795891,0.6023659555107835,0.7273492080688737,133,29,181,Brown,1,0,1,1,Wool,low,Recyclable
25.723179876729365,12.843063104373446,0.9641543100956952,0.20175174445613384,195,202,216,Grey,1,0,1,1,Wool,low,Hazardous
27.88904577444974,16.409818730870786,0.37404435087991234,0.620636993349279,15,13,193,Brown,1,0,1,1,Wool,low,Recyclable
18.7092607276915,29.707031232712634,0.039733787019514265,0.09432052058928798,214,180,157,Blue,0,1,0,0,Polyester,high,Reusable
19.578525659244765,12.986536497794742,0.06160824134010394,0.05423422717069872,111,9,235,Green,0,0,0,0,Cotton,high,Reusable
13.058784836525199,11.007707726926668,0.009805493316117289,0.16542511125897683,86,199,200,Green,0,0,0,1,Denim,medium,Upcyclable
15.471417151783601,17.341560828995142,0.07797055768339091,0.06672130605612059,156,158,150,Black,0,0,0,0,Denim,high,Reusable
22.926169198169134,5.876454646760383,0.009374150856904732,0.6195912535540583,168,5,8,Grey,1,0,0,1,Wool,medium,Upcyclable
27.63107549735053,41.846526895301785,0.3529574864625365,0.42341410168801,195,210,211,Grey,1,1,1,1,Wool,low,Hazardous
16.884429794552005,13.203264905423321,0.17785775904243215,0.0037179977796160404,61,118,182,Brown,0,0,0,0,Cotton,high,Reusable
14.398485881188707,29.979401434164842,0.03777623309893672,0.32305194726826364,103,18,128,Blue,0,1,0,1,Polyester,medium,Upcyclable
18.004223670852777,22.513641003773273,0.6519661137949999,0.8181894288730348,119,11,55,Grey,0,0,1,1,Nylon,low,Hazardous
22.809653991432917,8.185591394216383,0.0006493985904527496,0.4333283960083318,167,116,166,Green,1,0,0,1,Cotton,medium,Upcyclable
6.449161470931665,19.928543489447247,0.0006080042601436555,0.6060891367321654,189,191,86,Beige,0,0,0,1,Cotton,medium,Upcyclable
2.0,29.408033351728974,0.06960998887577598,0.10373747085463596,151,102,17,Brown,0,1,0,0,Polyester,high,Reusable
13.595705204067333,17.74086397896432,0.08958817062784177,0.09543413736754214,133,113,41,Green,0,0,0,0,Cotton,high,Reusable
8.234300592686731,34.31735535021234,0.08541514230963712,0.8942425872608176,39,249,223,Brown,0,1,0,1,Polyester,medium,Upcyclable
13.934878418821512,32.25818471338236,0.4862537207894684,0.5427001220493466,197,243,110,Yellow,0,1,1,1,Polyester,low,Recyclable
16.817757449460228,31.02697825589995,0.04264710603552456,0.1547394200777473,57,81,72,Blue,0,1,0,1,Polyester,medium,Upcyclable
14.374012727815893,14.484118732724037,0.15676098862242563,0.00048550003149879,141,182,202,Beige,0,0,0,0,Cotton,high,Reusable
29.619740275765963,7.0418906266221555,0.36996107684617063,0.04032617804850361,77,194,247,Brown,1,0,1,0,Wool,medium,Repairable
20.61395811681856,12.636948735646467,0.1246316313529467,0.20720932880096582,241,8,64,Beige,0,0,0,1,Wool,medium,Upcyclable
20.40379487688663,22.354891288000644,5.814071295547317e-06,0.1451164332248529,172,250,202,Black,0,0,0,0,Cotton,high,Reusable
22.977657152347216,26.549440562388266,0.14478465687321593,0.3448217248946996,110,133,160,Green,1,1,0,1,Polyester,medium,Upcyclable
8.889335057753847,0.5,0.015238210807823836,0.6709343771245181,98,128,157,Beige,0,0,0,1,Cotton,medium,Upcyclable
26.31289429936215,19.902641580658997,0.11296371852380296,0.05965324152126161,5,169,132,Black,1,0,0,0,Wool,high,Reusable
17.393885707716322,21.897070703878214,0.06957972405902425,0.21669674632822528,22,231,177,Yellow,0,0,0,1,Silk,medium,Upcyclable
23.3638449379297,16.66946892421338,0.20579843955239302,0.012413740623390386,61,92,192,Grey,1,0,1,0,Wool,medium,Repairable
9.425142135678756,35.495286068190545,1.0764580743486444e-07,0.15577620004574924,211,182,9,Yellow,0,1,0,1,Polyester,medium,Upcyclable
5.569929871871485,25.06136089101045,0.6095572440843374,0.3431184517621134,16,176,59,Pink,0,1,1,1,Polyester,low,Recyclable
24.54311726420023,35.72230289697076,0.0691718830727077,0.12243256650426303,83,98,204,Grey,1,1,0,0,Wool,high,Reusable
21.01127620878013,17.408473755797214,0.8555426513408402,0.05171807502592619,111,98,154,Beige,0,0,1,0,Cotton,medium,Repairable
10.783587565139918,31.249729910083097,0.14583110240415165,0.03524010224421647,197,29,71,Brown,0,1,0,0,Polyester,high,Reusable
11.042695349802445,39.620796734330234,0.38755330285591083,0.16690489552632365,103,34,155,Brown,0,1,1,1,Polyester,low,Compostable
27.003478275318155,35.740321391271934,0.46097041587900217,0.09295021812360951,124,62,172,Pink,1,1,1,0,Polyester,medium,Repairable
8.484704857061377,6.894300878855203,0.4586433181114499,0.020058725544617746,27,230,51,Blue,0,0,1,0,Nylon,medium,Repairable
31.141383626047705,16.95588706949143,0.682490789868224,0.40038191162695913,140,149,193,Red,1,0,1,1,Cotton,low,Recyclable
10.79503412281705,15.858023534602442,0.0013662817318722778,0.3927988630918568,156,170,61,White,0,0,0,1,Silk,medium,Upcyclable
23.107135404867066,25.871054420915932,0.23626886826917198,0.3296670945733966,253,27,116,Red,1,1,1,1,Polyester,low,Recyclable
15.371052194008122,28.236242660174398,0.703751569435181,0.06349942096712875,172,145,203,Red,0,1,1,0,Polyester,medium,Repairable
22.825499448658746,9.933287911691163,0.5682626068279463,0.21827047366034585,19,31,218,Beige,1,0,1,1,Linen,medium,Upcyclable
13.64708798308646,20.814062167003254,0.040647943442772984,0.17821647635067275,185,68,124,Pink,0,0,0,1,Silk,medium,Upcyclable
16.697656751421647,0.5,0.3374444011296471,0.0010346043102142236,208,181,204,Beige,0,0,1,0,Denim,medium,Repairable
18.32735340316577,37.30334006962268,0.7724704575265685,0.15822873741013643,116,251,59,Yellow,0,1,1,1,Polyester,low,Recyclable
9.982500353748218,13.851509111879677,0.02371427811894163,0.7298993374563926,246,161,85,Yellow,0,0,0,1,Silk,medium,Upcyclable
23.926594763361006,20.670367278133963,0.10027614690236714,0.5363176140381531,53,158,167,Beige,1,0,0,1,Nylon,medium,Upcyclable
13.894291468227319,16.284203432143265,0.4150843334512866,0.7616105883609409,226,109,142,Brown,0,0,1,1,Cotton,low,Recyclable
16.171200677279852,33.752330900160985,0.03179076239704861,0.06526737233486847,108,96,94,Pink,0,1,0,0,Polyester,high,Reusable
10.045205003131901,0.5,0.11737980376771977,0.20145796805995264,230,131,6,Blue,0,0,0,1,Nylon,medium,Upcyclable
2.0,19.800675892089092,0.11817530910280122,0.4934831969140189,63,141,38,Beige,0,0,0,1,Cotton,medium,Upcyclable
16.47177789919865,18.730174910027625,0.0023675265719861082,0.11412819701069242,51,14,240,Blue,0,0,0,0,Nylon,high,Reusable
37.30092337290333,14.556363348899806,0.03412669124883453,0.365042363604947,228,187,178,White,1,0,0,1,Linen,medium,Upcyclable
24.27683430318419,40.71471854762759,0.1700892796482228,0.04376054221740291,42,19,226,Pink,1,1,0,0,Polyester,high,Reusable
17.845916962124843,9.352046493730747,0.7381661533193203,0.0018065424465653708,86,19,6,Pink,0,0,1,0,Linen,medium,Repairable
15.896873366333859,29.261554126827935,0.05171068351381181,0.043074310709078634,17,176,139,Beige,0,1,0,0,Polyester,high,Reusable
18.179727142496372,24.275033464473005,0.5936258396976236,0.00031403156681260617,227,98,13,Black,0,0,1,0,Silk,medium,Repairable
22.37695292140168,35.13823103042619,0.8318859507926265,0.051925614114819225,83,246,33,Black,1,1,1,0,Wool,medium,Repairable
8.553497477529241,11.993730982669936,0.010535075497782053,0.23000857688542942,53,67,121,White,0,0,0,1,Silk,medium,Upcyclable
26.914573557350977,11.204373210514893,0.4251230330008108,0.24768883505220146,59,17,166,Red,1,0,1,1,Cotton,low,Recyclable
23.723050523529952,33.152838889728784,0.24107897494067623,0.004391550441309312,122,151,239,Yellow,1,1,1,0,Polyester,medium,Repairable
23.745485805663478,25.103855699961326,0.07637096996019525,0.019761039400551475,70,154,72,White,1,1,0,0,Polyester,high,Reusable
21.507805910477817,1.4607518398788955,0.0032398713978731178,0.7626305046069013,227,32,63,Grey,0,0,0,1,Linen,high,Reusable
18.15693326155192,13.528339826440755,0.6416168528497922,0.011279026559704,233,124,96,Red,0,0,1,0,Cotton,medium,Repairable
23.38288988773456,24.63659184617673,0.49430842221730337,0.08015785644187287,128,63,11,Grey,1,0,1,0,Denim,medium,Repairable
22.734513069931026,30.05317065855907,0.0017218152610905307,0.15135486850403382,112,152,125,Pink,1,1,0,1,Polyester,medium,Upcyclable
15.16767431247181,11.84923216168454,0.5674785829884044,0.05264792997905242,36,68,33,Brown,0,0,1,0,Cotton,medium,Repairable
13.411185816824792,0.5,0.903605208813999,0.11826083472456785,48,145,26,Green,0,0,1,0,Linen,medium,Repairable
18.814850362095893,26.2786782288444,0.19991224476058664,0.22835570790908832,34,44,149,Black,0,1,1,1,Polyester,low,Hazardous
30.3921612119615,5.35615172067229,0.15017697352806625,0.2952576934231967,104,109,17,Blue,1,0,0,1,Denim,medium,Upcyclable
8.087143394768793,0.5,0.00047223027615953174,0.015600397218974044,194,19,173,Grey,0,0,0,0,Nylon,high,Reusable
6.25979787398048,0.5,0.21553259306913702,0.19273912529288445,34,34,171,Brown,0,0,1,1,Cotton,low,Recyclable
19.318086729892133,29.767770322372893,0.23087632462712257,0.011281777895211979,220,246,145,Black,0,1,1,0,Polyester,medium,Repairable
18.407101614848145,21.5434094048596,0.43171511647702376,0.14486065228955416,8,133,36,Black,0,0,1,0,Cotton,medium,Repairable
19.386733314963266,17.29212343145298,0.218724545036838,0.13380541951931907,164,90,134,Brown,0,0,1,0,Cotton,medium,Repairable
19.951625583268,36.66829235555314,0.06422447412437719,0.30549012873961773,59,219,67,Beige,0,1,0,1,Polyester,medium,Upcyclable
16.21438196292156,27.64789619627687,0.2874872032560365,0.2262064282809166,55,202,236,White,0,1,1,1,Polyester,low,Recyclable
29.91890750881666,39.395600512662995,0.0297620030093326,0.2874130656523285,105,8,79,Pink,1,1,0,1,Polyester,medium,Upcyclable
5.192768172187876,3.2871743339960418,0.811585308095528,0.45724886319500235,110,179,85,Blue,0,0,1,1,Nylon,low,Recyclable
11.372023801758033,19.58539251255244,0.11288416940778755,0.6801019016909398,88,155,59,Brown,0,0,0,1,Cotton,medium,Upcyclable
17.17396191880762,0.5994395006238307,0.32895499130642625,0.0011412443534068843,11,18,47,Grey,0,0,1,0,Nylon,medium,Repairable
4.854489510766662,17.247412017734394,0.011353739531981152,0.539509011839939,229,102,178,Pink,0,0,0,1,Silk,medium,Upcyclable
16.59316476454343,17.016609754799873,0.010426809770887982,0.008207468007694892,70,245,99,White,0,0,0,0,Silk,high,Reusable
31.291761325824147,27.51936364715685,0.33220363595731545,0.07955543481686568,70,84,83,Yellow,1,1,1,0,Nylon,medium,Repairable
18.167091906367695,20.54676657370278,0.16377116911606884,0.6291701814464239,118,62,94,Red,0,0,0,1,Cotton,medium,Upcyclable
19.845607245749466,27.480885659358986,0.06155411338205383,0.00559621863252799,131,94,51,Green,0,1,0,0,Polyester,high,Reusable
7.918681878619358,28.44128159766673,0.37005392883364513,0.5488525973797319,188,233,251,Blue,0,1,1,1,Cotton,low,Recyclable
13.06910873568418,45.859144128597706,0.04472996141970179,0.13760892202832462,172,134,224,Brown,0,1,0,0,Polyester,high,Reusable
14.998428957408503,16.216440136566508,0.7839695031549977,0.011944714018034642,238,36,76,Grey,0,0,1,0,Nylon,medium,Repairable
15.458279225950127,8.707727592003451,0.0012629701095346242,0.10056825437295654,94,88,179,Brown,0,0,0,0,Cotton,high,Reusable
28.253150360030148,22.953003383796904,0.05025741696673408,0.8501504078029553,177,91,83,Red,1,0,0,1,Cotton,medium,Upcyclable
22.461528485800997,10.372639674325479,0.026304821529824923,0.18469953102036796,49,35,53,Beige,1,0,0,1,Linen,medium,Recyclable
9.108336344503744,37.78352922123843,0.6711376565107515,0.3745547317936362,102,16,168,Blue,0,1,1,1,Polyester,low,Recyclable
19.97203822745604,16.60138353265721,0.10263228419137072,0.014833558173633195,201,89,169,Beige,0,0,0,0,Cotton,high,Reusable
21.98577398797428,13.213083585512116,0.005019318662633402,0.09793546554086714,175,91,255,Grey,0,0,0,0,Nylon,high,Reusable
27.12119230817013,14.344211346186585,0.004435514793712163,0.6525938928638775,22,164,229,White,1,0,0,1,Linen,high,Reusable
30.64432549254699,28.621009081659693,0.36812267712808094,0.00757726160441896,89,208,149,Blue,1,1,1,0,Denim,medium,Repairable
9.87924646537705,18.107036201222176,0.3988992451660749,0.10775783015708783,214,187,38,Blue,0,0,1,0,Nylon,medium,Repairable
11.513139910317294,12.299998158435411,0.5879508521950464,0.18598143315930205,92,252,22,Yellow,0,0,1,1,Silk,low,Recyclable
7.93937712868307,39.98422301148237,0.4866002424300471,0.008009102271679374,7,48,47,Grey,0,1,1,0,Polyester,medium,Repairable
16.127841127144148,9.725961912058999,0.236839854648222,0.8183786764394727,210,80,112,White,0,0,1,1,Silk,low,Recyclable
21.730866995570675,20.426792888395923,0.05764042873941254,0.09807163577535695,28,224,119,Green,0,0,0,0,Cotton,high,Reusable
25.898676132712815,27.827673819322765,0.5633555449062134,0.00828870984470842,170,183,160,Beige,1,1,1,0,Polyester,medium,Repairable
17.392391810859817,0.5,0.002067438880536844,0.058156543012275456,52,33,126,Yellow,0,0,0,0,Silk,high,Reusable
15.441219813961249,25.763126016871098,0.968008560712784,0.324001197838167,133,248,40,Black,0,1,1,1,Polyester,low,Hazardous
19.214063937989923,7.338707894234608,0.04750531092732192,0.37406606795626035,220,214,157,Yellow,0,0,0,1,Silk,medium,Upcyclable
11.318856786959817,29.87339337000803,0.16796181185109169,0.0660766500064955,23,157,205,Green,0,1,0,0,Polyester,medium,Upcyclable
34.71630977355819,8.448187856972284,0.6950321159148313,0.33847782074642635,119,154,46,Brown,1,0,1,1,Wool,low,Recyclable
5.1387117830555304,28.313228382186324,0.25849341612847865,0.000170052751161492,201,178,227,Beige,0,1,1,0,Polyester,medium,Repairable
19.477924631165795,33.26999679553656,0.11915443627331611,0.175260239889234,242,136,184,Black,0,1,0,1,Polyester,medium,Upcyclable
34.18884975383712,30.33723830759366,0.0013629284036156704,0.3944180161061638,123,19,71,Green,1,1,0,1,Polyester,medium,Compostable
18.054398756479983,23.01579977885723,0.0001237354428998914,0.04598840531707117,141,214,56,Yellow,0,0,0,0,Silk,high,Reusable
16.479687719988043,17.224388684843607,0.49847270656598663,0.5509162544832448,51,174,238,Brown,0,0,1,1,Cotton,low,Recyclable
15.140436617516583,13.082965083981874,0.7642705012127088,0.39165516853876164,69,146,61,Brown,0,0,1,1,Cotton,low,Recyclable
16.55686654590074,37.652416289805245,0.30318021058021116,0.8065184691461891,3,228,85,Beige,0,1,1,1,Polyester,low,Recyclable
28.982787797412243,11.60605735798828,0.0433606616624835,0.12078881906457865,185,236,56,Beige,1,0,0,0,Linen,high,Reusable
2.0,7.555207117160046,0.22453630218025178,0.15158100591518278,115,67,195,Yellow,0,0,1,1,Silk,low,Recyclable
30.267469610370604,27.98442722039396,0.043013564323931844,0.0025545787743596966,206,76,242,Blue,1,1,0,0,Denim,high,Reusable
6.608342780398839,10.446358361762055,0.19033717027807398,0.1910437474249963,36,101,226,Grey,0,0,1,1,Nylon,low,Hazardous
15.866781366124682,8.599238030406473,0.6569229280058001,0.29118410009923273,47,139,71,Red,0,0,1,1,Cotton,low,Recyclable
14.566044637610705,2.6767488539628204,0.07464121755507797,0.42984233519241566,121,124,225,Black,0,0,0,1,Cotton,medium,Upcyclable
22.708426158165757,14.205081926473788,0.5746335081404947,0.27313650824534036,38,72,123,Black,1,0,1,1,Wool,low,Hazardous
5.215005184930019,19.007419713242083,0.6103981879367448,0.11494790994429932,91,206,213,Green,0,0,1,0,Cotton,medium,Repairable
21.697381328655542,22.917100731928386,0.20972855122216102,0.20065694956934577,65,212,152,Pink,0,0,1,1,Silk,low,Recyclable
34.194476986294816,31.4156749315938,0.01189315473865359,0.8556184089104981,12,78,254,Pink,1,1,0,1,Polyester,medium,Upcyclable
7.094607963257516,26.322775083989526,0.3097663264522213,0.14969815990782298,193,112,216,Black,0,1,1,0,Polyester,medium,Repairable
19.517649340883164,17.709533365361843,0.0005337374976098287,0.13281103222782034,59,252,167,Red,0,0,0,0,Nylon,high,Reusable
12.704142577627128,17.621651883443363,0.45070821757378593,0.042652189688716216,249,132,231,Yellow,0,0,1,0,Silk,medium,Repairable
21.407097649544287,26.121889626982203,0.021876024396516185,0.3015874031534082,125,196,16,Yellow,0,1,0,1,Polyester,medium,Repairable
18.153182219326016,35.270841955142835,0.0025412350479016434,0.17435757857252798,168,24,79,White,0,1,0,1,Polyester,medium,Upcyclable
12.868104727645523,21.5157703937984,0.1840633461288603,0.2697866634223376,31,215,239,Pink,0,0,1,1,Silk,low,Recyclable
21.902978278968593,14.370429749475093,0.22249257608547657,0.1974293081824212,179,100,175,Blue,0,0,1,1,Nylon,low,Recyclable
32.43478487829395,8.085607986973454,0.5813901361600616,0.6078917784887901,132,244,250,Green,1,0,1,1,Cotton,low,Recyclable
16.47276966618161,2.657536827053292,0.11051956421052259,0.6791082755699783,194,30,38,Yellow,0,0,0,1,Silk,medium,Upcyclable
23.758063537185457,27.995236064522278,0.0007519139297216763,0.10024128673341769,65,173,253,Beige,1,1,0,0,Polyester,high,Reusable
7.65381633703069,26.935742283674685,0.5425520938222196,0.02452395364150014,77,33,142,Red,0,1,1,0,Polyester,medium,Repairable
10.34850898545593,26.92836230127994,0.14750716165399658,0.01746855836985833,249,255,16,Brown,0,1,0,0,Polyester,high,Reusable
21.779250223043018,18.45608664377533,0.773007854489103,0.05221215083985814,231,168,248,Pink,0,0,1,0,Silk,medium,Repairable
29.87292822828772,36.88321695070101,0.32026511286578974,0.2034928131375752,179,205,34,Pink,1,1,1,1,Polyester,low,Recyclable
20.84490679028528,14.190578064982187,0.0026729403144104148,0.09311330544703897,125,218,32,Red,0,0,0,0,Cotton,high,Reusable
15.495535755814766,31.463230846486468,0.7783440848322607,0.2544896041781651,235,238,231,White,0,1,1,1,Polyester,low,Recyclable
17.99433124338683,19.535085260125484,0.5312795181124141,0.430785188574128,176,67,230,Grey,0,0,1,1,Nylon,low,Hazardous
7.99673812824226,12.699790823847948,0.15213582751036525,0.10639324428981164,28,214,145,Yellow,0,0,0,0,Silk,high,Reusable
22.836122610842935,27.110363687813134,0.7272580233277088,0.15345256768001378,239,121,157,Brown,1,1,1,1,Wool,low,Upcyclable
25.058664498587273,24.915633424207925,0.058787989339118954,0.08020809874559005,165,165,214,Brown,1,0,0,0,Wool,high,Reusable
14.383277337335358,24.283673111203115,0.03686489039187865,3.6276058227648536e-05,69,45,164,Beige,0,0,0,0,Cotton,high,Reusable
14.239662817923989,20.975341064674385,0.347019053929305,0.2976397402108207,241,68,110,Brown,0,0,1,1,Cotton,low,Recyclable
20.127025837216387,19.54528301939803,0.008416489271744541,0.06356936336134753,225,26,134,Pink,0,0,0,0,Silk,high,Reusable
14.506242111675236,48.66046391444526,0.7626027542297168,0.0020478331765574334,135,170,73,Grey,0,1,1,0,Polyester,medium,Repairable
17.47093908299342,34.21107974235407,0.11370054992367806,0.018812721615280796,186,244,207,Yellow,0,1,0,0,Polyester,high,Reusable
34.79777431333213,28.673922739826146,0.4289673931305353,0.0010616199638911565,54,205,155,Black,1,1,1,0,Silk,medium,Repairable
16.023794394032027,21.34158989844066,0.514513666380749,0.877972357123704,109,198,214,Black,0,0,1,1,Cotton,low,Hazardous
15.133278783830223,32.08588640716003,0.8489093994050794,0.01580469906036241,1,237,97,Black,0,1,1,0,Polyester,medium,Repairable
12.819665554918727,26.21593731669742,0.20534298776600776,0.5400671099983932,153,44,17,Grey,0,1,1,1,Polyester,low,Hazardous
23.953535771999494,20.314457033288427,0.2882521451962638,0.38405517067369066,62,17,174,Beige,1,0,1,1,Linen,low,Recyclable
16.550206614255178,16.35722809680902,0.8357907795785955,0.0029173366390478463,16,31,22,Green,0,0,1,0,Cotton,high,Reusable
12.805015693428592,19.028991948047743,0.7236363249378128,0.5565940610564334,58,248,242,Black,0,0,1,1,Cotton,low,Hazardous
28.5704322581841,0.5,0.0007799352852456751,0.14775510039403528,87,1,147,Black,1,0,0,0,Wool,high,Reusable
29.356824036109096,22.5272100715717,0.047730264809920625,0.17936181913921576,222,168,30,White,1,0,0,1,Linen,medium,Upcyclable
13.196611474090359,14.138287038675683,0.8697024014624887,0.6186463708432455,15,234,13,Green,0,0,1,1,Cotton,low,Recyclable
3.06768038911507,39.11203997939461,0.17743758362501955,0.09660436139710375,57,19,22,Red,0,1,0,0,Polyester,high,Reusable
26.060109518695377,20.232128849741052,0.7610835740966334,0.19725134253991425,191,220,253,Grey,1,0,1,1,Wool,low,Hazardous
12.522961393919967,5.732438965580457,0.0687023046436613,0.06460702368207968,49,185,1,Grey,0,0,0,0,Nylon,high,Reusable
24.32500479330215,19.40143815046259,0.5393537651731828,0.0001801074008240705,212,234,156,Green,1,0,1,0,Polyester,medium,Repairable
2.239169458305316,7.446546979249948,0.1731753341225298,0.11065441793758234,229,217,177,Yellow,0,0,0,0,Silk,high,Reusable
25.140778706394475,25.680888988549597,0.0032460845596333798,0.32224923752290574,153,37,72,Beige,1,1,0,1,Polyester,medium,Upcyclable
8.31062456575375,23.491368372073826,0.30178747003412787,0.031869578808401425,16,0,58,Green,0,0,1,0,Polyester,low,Recyclable
23.846112952532195,31.494075573299213,0.9086755438706975,0.06444974987093789,113,196,32,Pink,1,1,1,0,Polyester,medium,Repairable
18.114184542691472,10.509418499665216,0.0011471413779686932,0.3345849942360375,45,181,175,Pink,0,0,0,1,Silk,medium,Upcyclable
10.368484644826841,20.40809715473776,0.24556257829507916,0.3674160127699178,105,248,171,White,0,0,1,1,Silk,low,Recyclable
14.743709496585756,3.619738454880377,0.2912554390754664,0.5792322054308452,126,141,139,Beige,0,0,1,1,Cotton,low,Recyclable
23.490547655653607,28.41793738309657,0.21406718158784085,0.0017408455384901975,195,152,82,Grey,1,1,1,0,Wool,medium,Repairable
18.847155624921875,26.226454165281464,0.6321606807494864,0.7976971024774042,49,239,169,White,0,1,1,1,Polyester,low,Recyclable
22.675303843779872,25.94966025233085,0.04571324105005329,0.062313836004691744,170,136,211,Red,1,1,0,0,Polyester,high,Reusable
33.81152467612388,20.019428376283294,0.10463258458745515,0.06541949227426898,117,221,228,Green,1,0,0,0,Cotton,high,Reusable
5.486067106311589,24.977274689465492,0.22044513024047116,0.7435321452201313,175,210,222,Black,0,0,1,1,Cotton,high,Reusable
30.937700599748993,39.25206929970315,0.04853193029334196,0.026724650512729528,253,188,34,Blue,1,1,0,0,Denim,high,Reusable
18.834847500185703,16.578868915495832,0.07116360206026366,0.1766021132823074,67,179,40,Blue,0,0,0,1,Nylon,medium,Upcyclable
10.809727613414974,21.663742204521014,0.4343743397792006,0.004572899652982053,250,231,212,Yellow,0,0,1,0,Silk,medium,Repairable
7.3574909940880815,6.966484409823082,0.08649739241688634,0.06285148217610131,146,135,182,Black,0,0,0,0,Cotton,high,Reusable
16.487036873783733,9.580868460820012,0.5670117960077254,0.7709085320643008,229,15,238,Green,0,0,1,1,Nylon,low,Recyclable
25.373200895395676,21.173759517119688,0.2139939952694584,0.8641583572623819,152,113,109,Pink,1,0,1,1,Cotton,low,Recyclable
16.979607036979726,33.247202560422885,0.30481735500076634,0.2348180490821224,199,7,234,Black,0,1,1,1,Polyester,low,Hazardous
30.08923944197878,16.92463010898113,0.6565147071766265,0.07674737026009737,145,22,140,White,1,0,1,0,Linen,medium,Repairable
6.390594479587529,17.169001648254515,0.05662535245390487,0.7130940675850613,50,72,38,Beige,0,0,0,1,Cotton,medium,Upcyclable
17.903288417231565,15.117377065947505,0.05875692802171966,0.5776425337093423,145,223,218,Yellow,0,0,0,1,Silk,medium,Upcyclable
7.9808524446950475,13.582919949868122,0.00043185541458819,0.4369177143413162,111,228,216,Grey,0,0,0,1,Nylon,medium,Upcyclable
20.909055060999744,23.539657468505858,0.10132276884577336,0.32309100039399463,185,33,193,Yellow,0,0,0,1,Silk,medium,Upcyclable
25.095099120778404,2.0329082578562634,0.1345607760154166,0.06612767929643765,63,244,162,Beige,1,0,0,0,Linen,high,Reusable
14.633905650551574,35.37127492000073,0.18927971453387238,0.5205492800632487,198,237,115,White,0,1,1,1,Polyester,low,Recyclable
2.0,12.014932422446474,0.035961190843689095,0.29341093210071956,184,17,71,Pink,0,0,0,1,Silk,medium,Upcyclable
19.591585174371957,28.662841825257697,0.006897734267574589,0.3416176243781909,144,108,160,Blue,0,1,0,1,Cotton,medium,Upcyclable
21.493908413868077,4.760016831273489,0.05042382741334065,0.23305378064549578,58,43,88,Beige,0,0,0,1,Cotton,medium,Upcyclable
21.234358039693582,28.026081566554616,0.2611735346947165,0.07026222199935711,194,142,212,White,0,1,1,0,Polyester,medium,Repairable
27.886257534577233,28.06333529377397,0.0015395393902777979,0.6881036440531302,213,244,163,Brown,1,1,0,1,Wool,high,Reusable
9.43157056280761,24.610424864070758,0.17411521230668212,0.04882026817349291,142,14,140,White,0,0,0,0,Silk,high,Reusable
23.441728843603595,8.066857738402494,0.8028317270963946,0.023031612289029807,222,92,55,Green,1,0,1,0,Cotton,medium,Repairable
27.540060099823798,22.994578275176924,0.5020120510935769,0.015017808750418004,99,126,173,Brown,1,0,1,0,Denim,medium,Repairable
3.7712993279478653,5.803325783187333,0.09843498012521042,0.1083099283191157,25,120,200,Beige,0,0,0,0,Cotton,high,Reusable
20.557214607351817,16.966840938845777,0.15893432879070968,0.009927217962603811,175,22,98,Red,0,0,0,0,Cotton,high,Reusable
13.966561351938628,32.35295721146392,0.18927083752318158,0.21141049805047318,13,214,45,Green,0,1,1,1,Polyester,low,Compostable
17.34781861518683,29.560423124848903,0.23594536123717977,0.735831982666875,121,192,99,Red,0,1,1,1,Polyester,low,Recyclable
20.78141186830669,20.1821953104852,0.6586209787687562,0.09396477571971222,208,248,112,Yellow,0,0,1,0,Silk,medium,Repairable
14.102171487091582,8.302321088925897,0.01676492009153973,0.5027906682274809,8,213,110,Brown,0,0,0,1,Cotton,medium,Upcyclable
12.594335366707107,27.747052546090323,0.302473713802024,0.025070577148364328,6,70,171,Green,0,1,1,0,Polyester,medium,Repairable
18.273219339904198,20.232574852376302,0.6610450072751857,0.5197816367717237,237,108,173,Pink,0,0,1,1,Silk,low,Recyclable
9.302032489097579,0.5,0.7134488591162755,0.008281950800564944,218,31,242,White,0,0,1,0,Denim,medium,Repairable
9.313398968918516,29.391557915798217,0.0001231260382181439,0.13626759420672752,219,219,73,Beige,0,1,0,0,Polyester,high,Reusable
23.43498626365203,19.709205993563693,0.07243128456173954,0.06129328159033815,182,113,68,White,1,0,0,0,Linen,high,Reusable
8.809647718730751,34.42941497579687,0.010706653068389785,0.15804489521013185,139,159,30,Green,0,1,0,1,Polyester,medium,Upcyclable
23.330500007273695,6.856753773886343,0.021339605741124805,0.5850971722605064,144,32,124,Blue,1,0,0,1,Denim,medium,Upcyclable
21.70073034283161,0.5,0.0004665358654554025,0.9367074411893547,200,170,23,Beige,0,0,0,1,Cotton,medium,Upcyclable
4.193546169675226,23.34900630014222,0.1411214251806929,0.17835778545835176,107,12,31,Grey,0,0,0,1,Cotton,medium,Compostable
12.57948278131476,23.498764120183672,0.45397392209681897,0.7374188907878678,235,115,253,Red,0,0,1,1,Cotton,low,Recyclable
27.55287522437898,0.5,0.2181164595910256,0.002405925772546915,135,219,240,White,1,0,1,0,Linen,medium,Repairable
10.150675750882547,8.258005449600724,0.17460313954246273,0.85710388328925,90,136,112,Red,0,0,0,1,Cotton,medium,Upcyclable
14.2847659015249,53.06261292463882,0.3837534988087139,0.3853016911380685,123,189,194,Blue,0,1,1,1,Polyester,low,Recyclable
21.696487146015173,16.33267263015436,0.0015620033162590927,0.02247944102044619,169,184,15,Red,0,0,0,0,Cotton,high,Reusable
24.267124074260764,28.77150771651459,0.3875740300983815,0.5898154516296961,203,253,184,Black,1,1,1,1,Wool,low,Hazardous
15.987688911644035,12.192082071579396,0.5170941450309472,4.7913326879479864e-06,164,175,232,Yellow,0,0,1,0,Silk,medium,Repairable
13.219918442466867,0.5,0.46808625446659136,0.0406245071473139,147,170,240,Beige,0,0,1,0,Cotton,medium,Repairable
29.378958893588063,17.956901038449132,0.7042387564224009,0.3786445461906466,0,66,211,Yellow,1,0,1,1,Cotton,low,Recyclable
31.91119731038063,16.812745276566737,0.0348733453931882,0.2717375975772854,8,208,107,Red,1,0,0,1,Cotton,medium,Upcyclable
25.830864406254364,15.201461135979542,0.27122895017038523,0.05990256317368482,110,225,23,Pink,1,0,1,0,Cotton,medium,Upcyclable
18.682545140520194,18.62430997392329,0.010741240021963137,0.1567711629943573,23,31,33,Grey,0,0,0,1,Nylon,high,Reusable
11.53387422687259,23.171219259747637,0.6145762623262866,0.01441419298412541,124,254,127,Black,0,0,1,0,Cotton,medium,Repairable
11.356444747547478,18.19859658495432,0.6239693954189189,0.08145265226733005,161,72,51,Black,0,0,1,0,Cotton,medium,Repairable
22.18011284212606,4.831925984631635,0.00727319128515818,0.047450275980172055,35,104,47,White,1,0,0,0,Linen,high,Reusable
21.34718576710947,25.834217498743268,0.891688741799283,0.01630897218533792,3,239,86,White,0,1,1,0,Polyester,medium,Repairable
29.212788743571437,0.5,0.06640134544610599,0.03186656541538612,156,187,118,Brown,1,0,0,0,Wool,high,Reusable
23.20360074028911,0.5,0.36488743512199817,0.19372374474708928,86,128,180,Blue,1,0,1,1,Denim,low,Recyclable
5.975357585921456,28.870165936418815,0.24963383534275063,0.040524694846585094,226,184,182,Brown,0,1,1,0,Polyester,medium,Repairable
26.415580941783347,26.08424326562428,0.6713908517378699,0.029008822808089422,143,112,37,Green,1,1,1,0,Polyester,medium,Repairable
10.015514981484696,19.311255619111567,0.03775368129864621,0.01998378919249555,7,105,129,Beige,0,0,0,0,Cotton,high,Reusable
14.928229824381187,3.2546179429391344,0.015405526311687368,0.39001246171472115,90,211,232,Beige,0,0,0,1,Cotton,medium,Upcyclable
20.001601650013555,11.505068711911097,0.09324266666885746,0.06013291768104265,38,68,68,Yellow,0,0,0,0,Linen,high,Reusable
33.96533991827172,16.84703902776195,0.008958172053923665,0.0007584529806653981,57,231,81,Beige,1,0,0,0,Cotton,high,Reusable
42.87934844804289,0.8492723771106405,0.30032755784723886,0.10919605725030077,139,236,117,Beige,1,0,1,0,Linen,high,Reusable
22.853784473089462,11.131656103721205,0.02833179438074855,0.6390852114732157,171,212,249,Blue,1,0,0,1,Denim,medium,Upcyclable
16.534427050236896,27.82796405812016,0.2352296608293727,0.2582998772986577,3,68,52,Yellow,0,1,1,1,Polyester,low,Recyclable
22.276045187844403,37.1276643714706,0.19328904941970995,0.2778253475987739,238,195,49,Green,1,1,1,1,Polyester,low,Recyclable
25.10124340699069,14.966782968097393,0.15571471738240825,0.08371522904053028,24,248,156,Green,1,0,0,0,Cotton,high,Reusable
15.434658995542467,29.077860251793183,0.13770539201316137,0.000578710337016745,197,60,73,Black,0,1,0,0,Polyester,high,Reusable
32.361690847298576,0.5,0.5948731473421625,0.9327398588921836,66,7,233,Yellow,1,0,1,1,Cotton,low,Recyclable
19.840566073531217,27.91341489336334,2.966439592097227e-05,0.1458277793648405,166,216,182,Beige,0,1,0,0,Polyester,high,Reusable
21.981944712731153,10.352619023270227,0.005818560225065655,0.13508395233671813,117,246,105,Black,0,0,0,0,Cotton,high,Reusable
23.32739401643569,23.68814740049564,0.005259283411204754,0.5395194318512876,23,6,188,White,1,0,0,1,Linen,medium,Upcyclable
21.372692884915644,17.02697098112349,0.21435412270427748,0.0332337371543381,212,164,49,Beige,0,0,1,0,Cotton,medium,Repairable
24.7115240037569,35.84496811740601,0.510494793266785,0.30740052520842076,5,169,15,Grey,1,1,1,1,Wool,low,Hazardous
13.061974507624615,9.506772219920983,0.08272529067843824,0.04133212578868043,96,159,86,Red,0,0,0,0,Cotton,high,Reusable
13.533585968431755,27.531275570741972,0.05807901484290489,0.7545935073468336,71,144,93,Grey,0,1,0,1,Polyester,medium,Upcyclable
9.19876613622644,16.645910440441597,0.01966940834787862,0.0673927276416071,160,155,69,Pink,0,0,0,0,Silk,high,Reusable
21.51600984496181,18.100334263884037,0.25029942594467774,0.07300921311718717,175,69,171,Yellow,0,0,1,0,Silk,medium,Repairable
24.231492028096913,17.793753282089483,0.40214742046569335,0.4318239407530812,194,233,251,Brown,1,0,1,1,Wool,low,Recyclable
21.662182929215085,9.851922746070645,0.656906295639578,0.03557991483080295,123,175,99,White,0,0,1,0,Linen,medium,Repairable
31.3959394667803,19.83081240911994,0.42075934719695335,0.5079495622382084,1,53,211,Yellow,1,0,1,1,Cotton,low,Recyclable
17.955231849367628,19.24822133453814,0.006679130698794196,0.21692164806704098,37,169,143,Brown,0,0,0,1,Cotton,medium,Upcyclable
23.3499332447401,22.89488298088075,0.21483020727012297,0.019620680869706905,39,35,27,Brown,1,0,1,0,Wool,medium,Repairable
9.266392990885485,21.01406174831435,0.08517295655174503,0.02957309651796355,55,65,245,Pink,0,0,0,0,Silk,high,Reusable
14.903202380204792,29.575934595346837,0.0028392171833661398,0.0019072151394935709,102,158,184,Black,0,1,0,0,Polyester,high,Reusable
23.56430206052622,31.082103392568424,0.38991927200580145,0.6078182155576775,102,192,153,Beige,1,1,1,1,Polyester,low,Recyclable
24.79281688594515,7.392520138066386,0.794024080013947,0.06895702157556807,215,2,85,Pink,1,0,1,0,Cotton,low,Compostable
15.648264418686542,30.425270007089253,0.13470039355032185,0.08646948417008656,20,250,117,Blue,0,1,0,0,Polyester,high,Reusable
17.427205985135465,5.763962874681747,0.01621487842084487,0.2627277085214216,114,12,10,Grey,0,0,0,1,Nylon,medium,Upcyclable
5.8570100265535245,27.054270657652822,0.2787498148560881,0.00910772987628891,209,158,128,Grey,0,1,1,0,Polyester,medium,Repairable
15.143766393547125,27.436865416434422,0.4643742489283858,0.052867003667322804,34,28,68,Black,0,1,1,0,Polyester,medium,Repairable
25.12306530815829,0.5,0.12405612701080969,0.07343837806308136,202,56,254,Black,1,0,0,0,Wool,high,Reusable
22.60164012885253,21.115750958352915,0.19368390624145493,0.08559217687188615,202,235,240,Green,1,0,1,0,Cotton,medium,Repairable
22.005325771049677,14.378046639676212,0.4796544580224515,0.06197632289757921,66,160,170,Yellow,1,0,1,0,Cotton,medium,Repairable
18.39818949744768,10.8948169047755,0.0007858039816738463,0.06317895716129118,187,180,173,Blue,0,0,0,0,Nylon,high,Reusable
18.05650526902541,36.21022796838807,0.0022393204657197743,0.10153474562448392,150,9,104,Pink,0,1,0,0,Polyester,high,Reusable
12.717430884212423,12.155850312350973,0.5056008291967643,0.003727367853376932,192,229,233,Grey,0,0,1,0,Nylon,low,Recyclable
23.590627361620278,10.323476850583402,0.0793361671485638,0.8430661396783977,190,62,35,Black,1,0,0,1,Wool,medium,Upcyclable
21.367783555115118,20.90833928006112,0.16145427213697788,0.6775657272711734,150,72,65,Green,0,0,0,1,Cotton,medium,Reusable
21.936150783942395,28.227076955580998,0.050209564993185025,0.004546297642128314,213,192,184,Red,0,1,0,0,Polyester,high,Reusable
13.791721258659358,18.300216967878477,0.051920690147593006,0.0019448828164330305,122,107,133,Beige,0,0,0,0,Cotton,high,Reusable
2.0,33.996446548031024,0.16307942175861784,0.7163857747945183,41,100,189,Yellow,0,1,0,1,Polyester,medium,Upcyclable
26.777221694029564,26.371707943569085,0.525535334613259,0.16477788653399122,221,95,154,Beige,1,1,1,1,Polyester,low,Recyclable
14.169300351932767,0.5,0.22312384597394694,0.00037688336089818276,191,96,124,Black,0,0,1,0,Cotton,medium,Repairable
11.097793887655035,13.6463964379159,0.1265013994790275,0.04572996044907765,193,1,153,White,0,0,0,0,Silk,high,Reusable
23.54783129531195,13.25789480777961,0.05454835937794316,0.15168567341236125,249,109,226,Red,1,0,0,1,Cotton,low,Recyclable
14.863898880646964,25.752331441153068,0.06074304600183845,0.6357308386006462,80,129,140,White,0,1,0,1,Polyester,medium,Upcyclable
26.479491072372973,0.5,0.37692124921050835,0.0034777087988483923,40,122,75,Brown,1,0,1,0,Wool,high,Reusable
22.93604759661358,50.588116504612664,0.028461584631945425,0.038474054199688766,113,196,145,Black,1,1,0,0,Wool,high,Hazardous
23.46855458560382,26.37231313873052,0.27993025995227966,0.592666739989968,19,201,37,Grey,1,1,1,1,Wool,low,Hazardous
7.072354310395726,21.786521647012293,0.8444846847213704,0.8231449315535353,8,115,233,Pink,0,0,1,1,Silk,low,Recyclable
27.695551883091206,34.178812597029754,0.00012340202466270322,0.13946476001603822,56,229,5,Pink,1,1,0,0,Polyester,high,Reusable
20.090004249870848,48.1238486337515,0.18409750418284412,0.03597940475017888,123,36,125,Pink,0,1,1,0,Polyester,medium,Repairable
15.045782886030375,30.44895973506084,0.8862789092041321,0.06828697795079977,202,129,91,Pink,0,1,1,0,Polyester,medium,Repairable
19.147107738738008,31.38575715765944,0.1090348470080622,0.3783746661164849,144,232,27,Green,0,1,0,1,Polyester,medium,Upcyclable
3.7901181368134402,21.568280293572588,3.186658122454575e-06,0.022334889805004813,77,60,88,Green,0,0,0,0,Cotton,high,Reusable
21.269222491845365,18.30169095959662,0.6682908662954553,0.29116880181751464,209,233,4,Red,0,0,1,1,Cotton,low,Recyclable
9.765027934543427,14.290454671941186,0.010333623945681535,0.28677441958459127,17,39,186,White,0,0,0,1,Silk,medium,Upcyclable
7.1786377132517245,10.086656099425495,0.5775504382942932,0.17142596838837143,235,190,206,Brown,0,0,1,1,Cotton,low,Recyclable
5.821126510256871,11.755830803606031,0.002447086454080744,0.4135349087669918,241,24,110,Green,0,0,0,1,Cotton,medium,Upcyclable
26.901506999919402,3.7933284278842017,0.10767751818172992,0.7280031490681209,62,122,107,Red,1,0,0,1,Cotton,medium,Upcyclable
12.96589285045769,19.08954259177972,0.21210155102110834,0.00030266033413637634,199,165,200,White,0,0,1,0,Silk,medium,Repairable
30.269821679331994,0.5,0.5889154410413632,0.1765414490168173,92,36,44,Beige,1,0,1,1,Linen,low,Recyclable
13.713588295581618,22.290998289724527,0.6557609044614157,0.07936373336335668,199,244,111,Pink,0,0,1,0,Silk,medium,Repairable
4.341136339256426,19.5640327034919,0.014078950224321643,0.7207330338251667,25,209,180,Red,0,0,0,1,Cotton,medium,Upcyclable
9.067804480410727,21.763223580640254,0.09090951649733126,0.01679944026824041,219,26,1,Beige,0,0,0,0,Cotton,high,Reusable
27.88649296005551,13.73442115976009,0.7000481490263012,0.07337626858654567,199,83,176,Green,1,0,1,0,Linen,medium,Repairable
16.75281457650666,56.922324442166044,0.28747142072557386,0.11161813392102121,251,177,200,Yellow,0,1,1,0,Polyester,medium,Repairable
13.613701628075193,36.321390802163755,0.1933570684487996,0.26942410636831576,83,161,89,Yellow,0,1,1,1,Polyester,low,Recyclable
19.2801458068223,5.0654899989833275,0.0005738431043528018,0.34760680952754414,238,43,214,Grey,0,0,0,1,Nylon,high,Reusable
22.01426188934036,22.794417049122778,0.14365364288842006,0.1809024915915437,199,71,114,Black,1,0,0,1,Wool,medium,Upcyclable
26.939190527219687,12.703926284752118,0.006258205881594594,0.04246546755819214,205,131,62,Yellow,1,0,0,0,Cotton,high,Reusable
29.587993839143408,7.826243279511033,0.17238505323095865,0.34089379468065567,12,251,91,Red,1,0,0,1,Cotton,medium,Upcyclable
15.121850833687315,3.9191351465127795,0.732924037290126,0.15351007971815608,118,221,69,White,0,0,1,1,Cotton,low,Recyclable
7.391618511343694,25.18660028911105,0.25528155510454076,0.7221146460796555,231,179,185,Blue,0,1,1,1,Polyester,low,Recyclable
14.692278711013792,11.823437179165113,0.1381941014806175,0.4137525654765905,144,54,3,Brown,0,0,0,1,Cotton,medium,Upcyclable
20.08224405266309,31.61391228830245,0.05141508368136671,0.00668664265883537,114,227,157,Green,0,1,0,0,Polyester,high,Reusable
10.289928590315114,31.92538657436527,0.4151565662952293,0.08195166765725231,25,72,56,Beige,0,1,1,0,Polyester,medium,Repairable
10.342792680839658,36.486972622537394,0.011767402361078415,0.3999343639703209,133,232,46,Black,0,1,0,1,Polyester,medium,Upcyclable
20.750303052399083,9.771358807110758,0.37301769314875477,0.022173051110608716,80,11,145,Blue,0,0,1,0,Nylon,medium,Repairable
17.61078118743639,25.704387328304122,0.2013455556157555,0.1941835090994782,131,141,221,Grey,0,1,1,1,Nylon,low,Hazardous
18.26237596329269,27.58945059970761,0.004047687253320003,0.08761785132243398,88,253,218,Black,0,1,0,0,Polyester,high,Reusable
11.932037322399445,14.309861898752422,0.850701594030151,6.604719301397641e-05,6,162,107,White,0,0,1,0,Silk,medium,Repairable
16.15679428635386,10.738736511285499,0.21439755390608073,0.47909187070281123,16,5,94,Yellow,0,0,1,1,Silk,low,Recyclable
10.606134845853564,39.314247989311674,0.1505199390743138,0.4384631540994203,252,46,43,Grey,0,1,0,1,Silk,medium,Upcyclable
25.121587288998295,22.729950508784643,0.028502785795404155,0.5290036003418279,251,150,179,White,1,0,0,1,Linen,medium,Upcyclable
26.28199467779002,27.631613008540853,0.06274292326922097,0.05202517021210725,85,114,176,Blue,1,1,0,0,Denim,high,Reusable
3.2304971020952493,10.135087858064871,0.025975013123817975,0.3806042521348047,127,67,230,Yellow,0,0,0,1,Cotton,medium,Upcyclable
10.56391311846072,5.368586401733674,0.08860129793702404,0.3841981105494828,117,253,157,Green,0,0,0,1,Cotton,medium,Upcyclable
6.0277659592793675,13.166602706094675,0.2778704289556828,0.013233598510018735,91,192,179,Blue,0,0,1,0,Nylon,medium,Repairable
12.799808524744815,18.511743351320035,0.3631437794437091,0.041175570733890096,49,58,36,Pink,0,0,1,0,Cotton,medium,Repairable
17.332496241677113,7.229359918191815,0.0701658097616573,0.005646688615452646,127,136,62,Pink,0,0,0,0,Silk,high,Reusable
6.402838242411759,19.881862296195404,0.3390079767119153,0.07730114651076583,5,118,11,Black,0,0,1,0,Cotton,medium,Repairable
10.625121494997494,0.5,0.057614516567906456,0.0024207300813971866,157,185,16,Yellow,0,0,0,0,Silk,high,Reusable
9.968341023348012,6.559430930361533,8.215922777706064e-05,0.24442419737645404,73,47,33,Green,0,0,0,1,Cotton,medium,Upcyclable
19.658138635191552,28.050934979322502,0.3514208847235618,0.3819417126160189,241,246,155,Blue,0,1,1,1,Cotton,low,Recyclable
18.554754696290004,27.24548624333473,0.3545759408528148,0.41686749643590404,55,190,131,Blue,0,1,1,1,Polyester,low,Recyclable
12.226099573301973,15.297478815357604,0.1152019563087097,0.22294638161932867,38,8,97,Blue,0,0,0,1,Nylon,medium,Upcyclable
19.414566977115182,7.786828291076564,0.2035883050856452,0.4162762452822191,141,171,45,Black,0,0,1,1,Cotton,low,Hazardous
13.626559323301876,7.67115738168787,0.6404737739031242,0.0006150240354379771,53,45,13,Pink,0,0,1,0,Polyester,medium,Repairable
15.826759117391575,15.520781048704231,0.04117814781041297,0.7600097689999915,237,142,255,Green,0,0,0,1,Polyester,medium,Upcyclable
31.387616722388294,27.734221899743495,0.24994615514310287,0.31473047897259837,233,245,12,Red,1,1,1,1,Polyester,low,Recyclable
28.723688414322783,31.138948296131893,0.03838263241989311,0.01150845434402266,21,215,240,Green,1,1,0,0,Polyester,high,Reusable
7.603350104579219,14.041619174216372,0.3669071987027812,0.1497224299420391,184,180,185,Brown,0,0,1,0,Cotton,high,Reusable
24.637859343033398,6.158090888182594,0.00779865672514823,0.44485445967798015,40,175,48,Blue,1,0,0,1,Denim,medium,Upcyclable
24.491172435932736,23.214123654395998,0.07087685879858795,0.7855153990359418,89,71,245,Red,1,0,0,1,Cotton,medium,Upcyclable
8.813893689979054,10.117580352489806,0.058573671111810034,0.06592913807762198,9,219,177,Brown,0,0,0,0,Cotton,high,Reusable
24.550221150038887,13.780968333665571,0.0003132897328048402,0.07751605154180972,1,127,66,Black,1,0,0,0,Wool,high,Reusable
30.30345534730042,35.90331308524445,0.006842366710533668,0.19177174623558446,194,169,20,Red,1,1,0,1,Polyester,medium,Upcyclable
9.019641550044689,29.925385142789217,0.2374475041417834,0.7571199558181607,47,109,207,White,0,1,1,1,Polyester,low,Recyclable
10.659977431885892,21.89569174701742,0.4337090934511438,0.34037134358876076,41,144,50,Beige,0,0,1,1,Cotton,low,Recyclable
26.14129173474802,4.736971986647326,0.15617116454444097,0.575308381532173,246,34,37,Pink,1,0,0,1,Cotton,medium,Upcyclable
20.171962486605185,22.536758809647907,0.07100994468343867,0.16738130074565108,138,158,118,Beige,0,0,0,1,Wool,medium,Upcyclable
22.411810201916186,32.75188748945032,0.07290444851738408,0.15531861787442727,201,131,25,White,1,1,0,1,Polyester,medium,Recyclable
20.724713731203973,15.492396010813573,0.47552023074148464,0.05296190537010353,139,47,5,Pink,0,0,1,0,Silk,medium,Repairable
21.125567367425152,36.21336907984058,0.00011751932436969553,0.014142065473509548,252,141,17,Yellow,0,1,0,0,Polyester,high,Reusable
7.388222973511336,35.51294347421849,0.26291829753194085,0.020121553019900627,141,250,232,Red,0,1,1,0,Polyester,medium,Repairable
26.378541652971585,39.964793985721684,0.00030541763553714303,0.24127908772277495,29,152,113,White,1,1,0,1,Polyester,medium,Upcyclable
27.356719939422188,23.662917518376236,0.14879127426742875,0.03713604827014248,232,247,133,White,1,0,0,0,Linen,high,Reusable
16.16487404745578,27.048700397672146,0.02814586071587989,0.0395735683094192,59,45,168,Pink,0,1,0,0,Polyester,high,Reusable
17.6521844014891,36.97024745997308,0.1917127831984034,0.2542025449682885,204,47,56,Grey,0,1,1,1,Polyester,low,Hazardous
5.751139979554223,25.368727244827706,0.5858014938445251,0.2800227569620349,157,167,177,Brown,0,1,1,1,Polyester,low,Hazardous
22.114038048142678,13.985190706517447,0.28809485220042713,0.43671225138120723,37,177,24,Blue,1,0,1,1,Denim,low,Recyclable
22.57645953371315,14.617485961665665,0.5032636388123136,0.025530577678498534,74,6,47,Black,1,0,1,0,Wool,medium,Repairable
17.50247186400551,22.86265944528487,0.33475601508887975,0.7260398126676963,64,94,23,Green,0,0,1,1,Cotton,low,Recyclable
26.99482687896402,4.513262936645376,0.03947485521783513,0.2092567607974676,218,59,157,Yellow,1,0,0,1,Cotton,medium,Upcyclable
15.327382152160476,18.280893015629687,0.2896680742013134,0.5246999710058883,174,34,86,Blue,0,0,1,1,Nylon,low,Recyclable
22.516847407148802,33.15856541876305,0.05254811701080308,0.20908770015409836,38,229,44,White,1,1,0,1,Polyester,medium,Upcyclable
9.842685290463075,0.5,0.1424021638760437,0.13399693439557472,234,190,42,Pink,0,0,0,0,Silk,high,Reusable
17.811582793006096,38.413785221534184,0.5192565197683339,0.0012347893770608557,176,147,71,White,0,1,1,0,Polyester,medium,Compostable
16.605165936777315,33.46849062443792,0.9023650138854709,0.007851223507115266,228,143,249,Red,0,1,1,0,Polyester,medium,Repairable
19.802463376327534,14.482824610034285,0.17201002718740882,0.045231318506190145,72,149,183,Black,0,0,0,0,Cotton,high,Reusable
15.04378456933313,26.520689934461714,0.11897949889128157,0.4930048840228969,57,163,240,Brown,0,1,0,1,Polyester,medium,Upcyclable
16.948219234626656,20.03777272287592,0.03494533472845337,0.01704474210358588,239,18,200,Pink,0,0,0,0,Silk,high,Reusable
24.60837737153205,34.759884421264196,0.4860541839295316,0.571241146957694,106,129,69,Green,1,1,1,1,Polyester,medium,Upcyclable
14.50588610209426,31.792197713239293,0.0019372081150186616,0.4094872267579331,217,67,32,Yellow,0,1,0,1,Polyester,medium,Upcyclable
5.147383194090565,3.199151321803889,0.23820200122876983,0.38352426860462924,88,249,96,Red,0,0,1,1,Cotton,high,Reusable
31.996671233643365,27.047148961570123,0.009978016400589798,0.1863486943786952,16,97,44,Black,1,1,0,1,Wool,medium,Upcyclable
29.051632629523894,17.532465756281027,0.0025994334266554895,0.7883705291893303,133,6,6,Brown,1,0,0,1,Wool,medium,Upcyclable
7.661898439155051,20.993990846217198,0.5294820356033562,0.06219133233654736,142,46,105,Pink,0,0,1,0,Silk,medium,Repairable
23.517662441961555,11.261937188362214,0.03005743643741361,0.30400524032767257,252,176,145,White,1,0,0,1,Linen,medium,Upcyclable
13.976201835589254,40.97764482945003,0.05292166409802941,0.2979748632410921,194,205,69,Yellow,0,1,0,1,Polyester,medium,Upcyclable
20.107897722648477,32.48074183883091,0.37300009849420307,0.023170149373620524,94,42,44,Grey,0,1,1,0,Polyester,medium,Repairable
20.35379303210795,11.122746032324393,0.37500514508167115,0.010632816365011646,155,31,36,Blue,0,0,1,0,Nylon,medium,Repairable
16.124737597469423,3.98467271707721,0.004753229592014598,0.011076526037671152,200,144,148,Beige,0,0,0,0,Cotton,high,Reusable
11.729874675308828,15.371928428265822,0.03644444633507033,0.6127413758920282,253,228,217,Red,0,0,0,1,Cotton,medium,Upcyclable
12.475671581469925,25.214031753095668,0.27954855931757244,0.18100491139959407,171,127,206,Grey,0,1,1,1,Polyester,low,Hazardous
10.670464676150061,22.882470127354676,0.006318685375985727,0.3438702017368363,242,118,171,Green,0,0,0,1,Silk,medium,Upcyclable
11.345422334156442,35.03759389721892,0.15132325022818272,0.7148099974810245,145,13,245,Green,0,1,0,1,Polyester,medium,Upcyclable
17.462573679605157,29.479036666170227,0.16276370119735273,0.005925495599052629,239,80,157,Beige,0,1,0,0,Polyester,high,Reusable
12.273920087113986,31.63482830903488,0.10219879886736845,0.010838235323446112,231,159,138,Grey,0,1,0,0,Polyester,high,Reusable
23.45641652570096,23.92226480732525,0.043882402242894886,0.7067135760274491,159,187,255,Beige,1,0,0,1,Linen,medium,Compostable
29.897969242687417,3.3284152374681177,0.5699116685477239,0.3265264020671051,210,187,7,Beige,1,0,1,1,Linen,low,Recyclable
13.359574069039656,17.651617626237183,0.2745233917753265,0.028019786541781732,254,51,132,White,0,0,1,0,Silk,medium,Repairable
19.915236004283017,32.721076878903986,0.17505254819016758,0.6659869667951896,196,244,7,Black,0,1,0,1,Polyester,medium,Upcyclable
21.99748088242347,19.38172485770425,0.5276051680031701,0.0003768458559572365,171,193,4,Green,0,0,1,0,Cotton,medium,Repairable
21.776018167354195,26.037084423484963,0.2922143935690562,0.01932353844933964,69,230,9,Black,0,1,1,0,Polyester,medium,Repairable
18.6076421433287,16.175020217046402,0.2495256885612326,0.8055958264972105,62,3,14,Green,0,0,1,1,Linen,low,Recyclable
23.941459346877778,7.64225781749786,0.33095155668447024,0.1425529522709228,203,231,229,Grey,1,0,1,0,Wool,medium,Repairable
21.857991621445258,18.519871231446675,0.18790937002230151,0.0005718642856985826,57,221,55,Yellow,0,0,1,0,Silk,medium,Repairable
8.098700621381617,23.708569316391845,0.31968512466203497,0.025432788694781303,174,221,113,Black,0,0,1,0,Cotton,medium,Repairable
24.953248515114186,12.131747366462676,0.008124570629270498,0.0031506265420279517,125,190,54,Yellow,1,0,0,0,Cotton,high,Reusable
25.09832669813394,17.171465061719978,0.03426756892519277,0.2556066320469461,233,32,130,Black,1,0,0,1,Wool,medium,Upcyclable
11.893711166571347,8.726441096168209,0.37266018486063,8.536045070693625e-05,144,105,40,Red,0,0,1,0,Cotton,medium,Repairable
18.303502683580817,33.43093901076915,0.08123222355975473,0.4134107326066219,166,128,137,Beige,0,1,0,1,Polyester,medium,Upcyclable
23.466631942488554,16.466530908943593,0.6554474757248121,0.040952889689562275,186,96,134,Beige,1,0,1,0,Linen,medium,Repairable
16.325489443365107,37.433066541514194,0.047800117998220135,0.3020133819798715,134,227,190,White,0,1,0,1,Polyester,medium,Upcyclable
26.583824382128093,38.3449742064909,0.04400931457872708,0.003394634813040202,62,240,114,Green,1,1,0,0,Polyester,high,Reusable
36.91097995695489,19.027448423339074,0.02381143436514698,9.470884712359899e-05,116,63,62,Black,1,0,0,0,Wool,high,Reusable
11.712111738920141,7.898615209431803,0.026134208754421503,0.12081383285920468,184,127,87,Pink,0,0,0,0,Silk,high,Reusable
6.951643174769801,0.5,0.005313423656759057,0.2831976206429415,255,222,153,Pink,0,0,0,1,Silk,medium,Upcyclable
20.430548764839006,2.3355551236785033,0.7293204102660513,0.2007388176202141,202,36,33,Brown,0,0,1,1,Cotton,low,Recyclable
23.77250004100915,3.5139821012160795,0.4351387014353398,0.10440525630883406,161,205,121,Black,1,0,1,0,Cotton,medium,Repairable
16.153069009241847,36.541635529538055,0.003323836598593206,0.4905240869768832,52,125,251,Pink,0,1,0,1,Polyester,medium,Upcyclable
29.626085306568275,21.389895046723353,0.4573975447226501,0.18211562115346092,193,69,199,White,1,0,1,1,Linen,low,Recyclable
7.29115360221401,24.675254289103854,0.20392298113212654,0.6199105159029749,205,134,166,Green,0,0,1,1,Cotton,low,Recyclable
23.543348984252887,0.5,0.22945662471684025,0.2659503704189444,81,103,187,Pink,1,0,1,1,Cotton,low,Recyclable
13.153113433928853,5.624402849392862,0.34644438565402524,0.03885576117414766,175,151,196,Blue,0,0,1,0,Nylon,medium,Repairable
31.75502324965837,30.644957317355445,0.14716706563364296,0.07106783116304739,187,113,99,Black,1,1,0,0,Wool,high,Reusable
33.94012282534494,23.441289348591035,0.014941041359110282,0.4332710379259104,42,251,106,Yellow,1,0,0,1,Cotton,medium,Upcyclable
11.866747297733216,18.233536655772834,0.06449234772070095,0.021081336942078945,200,195,153,Blue,0,0,0,0,Nylon,high,Reusable
13.60354291273136,26.77810830320147,0.3426579700447585,0.002656814515422599,230,54,251,Blue,0,1,1,0,Polyester,high,Reusable
24.876703095838415,39.62957367362978,0.06529752712836466,0.06953647153017029,3,120,61,Black,1,1,0,0,Wool,high,Reusable
14.902954801683883,17.347490437555393,0.11157731455324793,0.5135954452219753,239,216,137,Brown,0,0,0,1,Cotton,medium,Upcyclable
17.636710256542095,20.832437631896834,0.12097907891822267,0.06861440347067675,205,122,224,Beige,0,0,0,0,Cotton,high,Reusable
18.20310736433928,22.311163024775663,0.799629051850948,0.8232597471861725,74,2,252,Green,0,0,1,1,Cotton,low,Recyclable
2.6426147504187494,48.70531562328791,0.07774165186085867,0.7203345932623898,93,91,99,Green,0,1,0,1,Polyester,medium,Upcyclable
17.889298031246103,0.5,0.012510425175675665,0.5439688747708619,231,150,53,Pink,0,0,0,1,Silk,medium,Upcyclable
12.48217780748661,28.198676177465696,0.5481358884095364,0.7298995869312704,106,163,158,Pink,0,1,1,1,Polyester,low,Recyclable
14.055017420801825,18.622373014891235,0.023768872104634697,0.12465296429307406,90,184,37,Pink,0,0,0,0,Polyester,high,Reusable
29.549056027750513,26.801260714210155,0.03851885603961423,0.24462412406270112,92,118,113,Black,1,1,0,1,Denim,medium,Upcyclable
7.947944845765949,12.111529352063307,0.09806213283638567,0.8529968670114206,179,175,24,Grey,0,0,0,1,Nylon,medium,Upcyclable
24.505641493983816,19.412419629698597,4.731842437382592e-05,0.03827648407588697,159,140,236,Red,1,0,0,0,Cotton,high,Reusable
15.768296557345533,28.53692695358594,0.015683369638102896,0.16635460281535336,112,60,204,Red,0,1,0,1,Polyester,medium,Upcyclable
15.761918652033325,57.35492241252609,0.21071773803977503,0.005055201931067682,251,213,64,Pink,0,1,1,0,Polyester,medium,Repairable
24.32297516841369,29.69643427282486,0.5169565201997802,0.06165588072041225,221,216,99,Pink,1,1,1,0,Polyester,medium,Repairable
20.720410356551124,9.823212823633897,0.21705811319444568,0.24603240771884405,89,246,227,Yellow,0,0,1,1,Silk,low,Recyclable
